,Reporter Name,Partner Name,mean
10,Slovenia,Argentina,0.05587916666666667
13,Slovenia,Australia,0.22147499999999998
14,Slovenia,Austria,7.657070833333333
21,Slovenia,Belgium,1.1303850000000002
32,Slovenia,Brazil,0.15474583333333333
36,Slovenia,Bulgaria,0.5748083333333334
42,Slovenia,Canada,0.2685458333333333
47,Slovenia,Chile,0.031400000000000004
48,Slovenia,China,0.4007583333333333
50,Slovenia,Colombia,0.05034166666666665
61,Slovenia,Czech Republic,2.1521166666666667
62,Slovenia,Denmark,0.9261416666666666
73,Slovenia,Estonia,0.09309166666666668
80,Slovenia,Finland,0.25147083333333337
83,Slovenia,France,6.490041666666667
88,Slovenia,Germany,23.052825
91,Slovenia,Greece,0.33913333333333334
105,Slovenia,Hungary,2.331420833333333
106,Slovenia,Iceland,0.0128
107,Slovenia,India,0.24545416666666667
108,Slovenia,Indonesia,0.03840833333333334
111,Slovenia,Ireland,0.12995416666666668
112,Slovenia,Israel,0.13710833333333333
113,Slovenia,Italy,12.581541666666666
115,Slovenia,Japan,0.18075833333333335
121,Slovenia,"Korea, Rep.",0.15716666666666665
126,Slovenia,Latvia,0.11233749999999998
131,Slovenia,Lithuania,0.25300416666666664
132,Slovenia,Luxembourg,0.1457
145,Slovenia,Mexico,0.16405416666666667
158,Slovenia,Netherlands,1.6839375000000005
161,Slovenia,New Zealand,0.021925
170,Slovenia,Norway,0.21660000000000001
180,Slovenia,Poland,2.7498375
181,Slovenia,Portugal,0.23407083333333334
183,Slovenia,Romania,1.101425
184,Slovenia,Russian Federation,3.3205875
197,Slovenia,Slovak Republic,1.3693458333333333
200,Slovenia,South Africa,0.11570833333333332
204,Slovenia,Spain,1.2592583333333331
213,Slovenia,Sweden,0.9248166666666666
214,Slovenia,Switzerland,1.2634874999999999
224,Slovenia,Turkey,0.7862208333333335
231,Slovenia,United Kingdom,2.2530916666666663
232,Slovenia,United States,2.296608333333333
253,Lithuania,Argentina,0.04088
256,Lithuania,Australia,0.062116
257,Lithuania,Austria,0.39753200000000005
264,Lithuania,Belgium,1.6301649999999999
275,Lithuania,Brazil,0.036308
279,Lithuania,Bulgaria,0.194212
285,Lithuania,Canada,0.625608
290,Lithuania,Chile,0.01502
291,Lithuania,China,0.20958
293,Lithuania,Colombia,0.014580000000000003
304,Lithuania,Czech Republic,0.697248
305,Lithuania,Denmark,3.492475999999999
316,Lithuania,Estonia,4.5481799999999994
322,Lithuania,Finland,1.257864
325,Lithuania,France,3.4626680000000003
330,Lithuania,Germany,10.120808
333,Lithuania,Greece,0.13826
344,Lithuania,Hungary,0.47092799999999996
345,Lithuania,Iceland,0.17692
346,Lithuania,India,0.24783999999999998
347,Lithuania,Indonesia,0.017783333333333335
350,Lithuania,Ireland,0.446136
351,Lithuania,Israel,0.09984399999999999
352,Lithuania,Italy,2.282612
354,Lithuania,Japan,0.270308
360,Lithuania,"Korea, Rep.",0.22986399999999999
365,Lithuania,Latvia,10.336896000000001
370,Lithuania,Luxembourg,0.041445
382,Lithuania,Mexico,0.076716
394,Lithuania,Netherlands,4.040884
397,Lithuania,New Zealand,0.019769565217391306
405,Lithuania,Norway,1.8237759999999996
417,Lithuania,Poland,5.899315999999999
418,Lithuania,Portugal,0.271
420,Lithuania,Romania,0.18862399999999999
421,Lithuania,Russian Federation,15.472772000000003
435,Lithuania,Slovak Republic,0.18763200000000002
436,Lithuania,Slovenia,0.070764
439,Lithuania,South Africa,0.036840000000000005
442,Lithuania,Spain,1.2532360000000002
450,Lithuania,Sweden,3.724107999999999
451,Lithuania,Switzerland,1.349836
461,Lithuania,Turkey,0.9635119999999998
468,Lithuania,United Kingdom,5.158503999999999
469,Lithuania,United States,3.2691559999999997
491,Russian Federation,Argentina,0.05518695652173913
494,Russian Federation,Australia,0.01553913043478261
495,Russian Federation,Austria,0.5372652173913043
502,Russian Federation,Belgium,1.285215
513,Russian Federation,Brazil,0.35562173913043477
517,Russian Federation,Bulgaria,0.7111565217391305
522,Russian Federation,Canada,0.13666521739130436
527,Russian Federation,Chile,0.013786956521739136
528,Russian Federation,China,6.40114347826087
529,Russian Federation,Colombia,0.03945652173913043
540,Russian Federation,Czech Republic,1.3073347826086956
541,Russian Federation,Denmark,0.3915608695652174
552,Russian Federation,Estonia,0.7285608695652173
559,Russian Federation,Finland,2.75555652173913
561,Russian Federation,France,1.9623043478260869
566,Russian Federation,Germany,6.7802999999999995
569,Russian Federation,Greece,0.7472043478260868
581,Russian Federation,Hungary,1.614013043478261
582,Russian Federation,Iceland,0.005978260869565218
583,Russian Federation,India,1.3075173913043479
584,Russian Federation,Indonesia,0.11381739130434784
587,Russian Federation,Ireland,0.48119999999999996
588,Russian Federation,Israel,0.5839956521739131
589,Russian Federation,Italy,5.889239130434783
591,Russian Federation,Japan,2.742134782608696
597,Russian Federation,"Korea, Rep.",1.9890521739130436
602,Russian Federation,Latvia,1.264626086956522
607,Russian Federation,Lithuania,1.1960086956521738
608,Russian Federation,Luxembourg,0.020205
620,Russian Federation,Mexico,0.1520478260869565
632,Russian Federation,Netherlands,9.420239130434783
635,Russian Federation,New Zealand,0.01934782608695652
644,Russian Federation,Norway,0.2247913043478261
655,Russian Federation,Poland,3.5540565217391307
656,Russian Federation,Portugal,0.14941304347826087
658,Russian Federation,Romania,0.7055434782608695
670,Russian Federation,Slovak Republic,1.3718695652173913
671,Russian Federation,Slovenia,0.08276521739130432
674,Russian Federation,South Africa,0.036743478260869565
677,Russian Federation,Spain,0.9132347826086955
686,Russian Federation,Sweden,0.9908956521739128
687,Russian Federation,Switzerland,2.8975956521739135
697,Russian Federation,Turkey,3.632778260869565
704,Russian Federation,United Kingdom,3.0187782608695652
705,Russian Federation,United States,3.543021739130435
727,Romania,Argentina,0.13636666666666666
730,Romania,Australia,0.07346666666666665
731,Romania,Austria,2.3862966666666665
738,Romania,Belgium,1.7758800000000001
749,Romania,Brazil,0.2321466666666666
753,Romania,Bulgaria,2.4398299999999997
758,Romania,Canada,0.33014
763,Romania,Chile,0.05552
764,Romania,China,1.6360533333333331
766,Romania,Colombia,0.18172
777,Romania,Czech Republic,1.212476923076923
779,Romania,Denmark,0.25296
790,Romania,Estonia,0.0449962962962963
798,Romania,Finland,0.14410666666666666
801,Romania,France,6.452110000000001
808,Romania,Germany,16.85494333333333
811,Romania,Greece,1.9427566666666665
824,Romania,Hungary,3.78242
825,Romania,Iceland,0.005703703703703704
826,Romania,India,0.61083
827,Romania,Indonesia,0.08761000000000001
830,Romania,Ireland,0.16719333333333333
831,Romania,Israel,0.7129333333333333
832,Romania,Italy,15.415653333333333
834,Romania,Japan,0.54843
839,Romania,"Korea, Rep.",0.3890413793103447
844,Romania,Latvia,0.03193703703703704
849,Romania,Lithuania,0.0594925925925926
850,Romania,Luxembourg,0.03239499999999999
863,Romania,Mexico,0.15595999999999996
876,Romania,Netherlands,3.074003333333333
880,Romania,New Zealand,0.00764
889,Romania,Norway,0.6064533333333333
900,Romania,Poland,1.72509
901,Romania,Portugal,0.2404
903,Romania,Russian Federation,2.031388888888889
918,Romania,Slovak Republic,0.8656961538461538
919,Romania,Slovenia,0.4402148148148148
922,Romania,South Africa,0.1606758620689655
927,Romania,Spain,1.8628133333333337
936,Romania,Sweden,0.6797833333333333
937,Romania,Switzerland,0.8248333333333332
947,Romania,Turkey,4.9616299999999995
954,Romania,United Kingdom,4.102306666666667
955,Romania,United States,2.733813333333333
981,Argentina,Australia,0.5098615384615385
982,Argentina,Austria,0.02220384615384615
989,Argentina,Belgium,0.736785
998,Argentina,Brazil,21.02391923076923
1001,Argentina,Bulgaria,0.08495769230769232
1006,Argentina,Canada,1.2624423076923077
1010,Argentina,Chile,7.3491884615384615
1011,Argentina,China,5.7373076923076916
1012,Argentina,Colombia,1.0900615384615386
1022,Argentina,Czech Republic,0.046742307692307694
1023,Argentina,Denmark,0.6259384615384616
1034,Argentina,Estonia,0.010128000000000002
1039,Argentina,Finland,0.13333076923076922
1041,Argentina,France,1.0309269230769231
1048,Argentina,Germany,2.4609461538461543
1051,Argentina,Greece,0.2675230769230769
1062,Argentina,Hungary,0.01983846153846154
1063,Argentina,Iceland,0.0036913043478260864
1064,Argentina,India,1.7104884615384617
1065,Argentina,Indonesia,1.0098923076923076
1068,Argentina,Ireland,0.2004192307692308
1069,Argentina,Israel,0.33058461538461537
1070,Argentina,Italy,2.562742307692308
1072,Argentina,Japan,1.5144961538461539
1076,Argentina,"Korea, Rep.",0.9597692307692308
1081,Argentina,Latvia,0.08069600000000002
1086,Argentina,Lithuania,0.05094799999999999
1087,Argentina,Luxembourg,0.006474999999999999
1099,Argentina,Mexico,1.6724807692307688
1109,Argentina,Netherlands,3.7917576923076917
1111,Argentina,New Zealand,0.10319615384615383
1118,Argentina,Norway,0.07025384615384615
1130,Argentina,Poland,0.5426730769230769
1131,Argentina,Portugal,0.3017
1134,Argentina,Romania,0.11076153846153844
1135,Argentina,Russian Federation,0.9213115384615383
1147,Argentina,Slovak Republic,0.0076560000000000005
1148,Argentina,Slovenia,0.04407199999999999
1151,Argentina,South Africa,1.191166666666667
1154,Argentina,Spain,3.3987769230769227
1162,Argentina,Sweden,0.1059153846153846
1163,Argentina,Switzerland,0.8145153846153845
1172,Argentina,Turkey,0.5487961538461539
1178,Argentina,United Kingdom,1.1963692307692309
1179,Argentina,United States,8.428826923076922
1200,Estonia,Argentina,0.031024999999999997
1203,Estonia,Australia,0.13660416666666667
1204,Estonia,Austria,0.37975416666666656
1211,Estonia,Belgium,1.341745
1221,Estonia,Brazil,0.19605416666666664
1225,Estonia,Bulgaria,0.07699583333333333
1231,Estonia,Canada,0.5183666666666668
1236,Estonia,Chile,0.020995833333333335
1237,Estonia,China,0.7983833333333336
1240,Estonia,Colombia,0.01409047619047619
1251,Estonia,Czech Republic,0.3509541666666666
1252,Estonia,Denmark,2.9109125000000002
1268,Estonia,Finland,18.047345833333328
1271,Estonia,France,1.4171625
1276,Estonia,Germany,5.8556333333333335
1279,Estonia,Greece,0.09778749999999999
1291,Estonia,Hungary,0.6031416666666666
1292,Estonia,Iceland,0.19413333333333335
1293,Estonia,India,0.24062916666666667
1294,Estonia,Indonesia,0.02689166666666667
1297,Estonia,Ireland,0.2559125
1298,Estonia,Israel,0.07012083333333333
1299,Estonia,Italy,0.9537625
1301,Estonia,Japan,0.4947083333333333
1307,Estonia,"Korea, Rep.",0.4445791666666666
1312,Estonia,Latvia,8.463116666666668
1316,Estonia,Lithuania,4.714687499999999
1317,Estonia,Luxembourg,0.01253
1329,Estonia,Mexico,0.2636791666666667
1341,Estonia,Netherlands,2.7545916666666668
1344,Estonia,New Zealand,0.011254545454545455
1351,Estonia,Norway,2.8609875000000002
1362,Estonia,Poland,1.2883291666666667
1363,Estonia,Portugal,0.12069999999999999
1365,Estonia,Romania,0.131825
1366,Estonia,Russian Federation,12.7248375
1379,Estonia,Slovak Republic,0.1522
1380,Estonia,Slovenia,0.038075000000000005
1383,Estonia,South Africa,0.054204166666666664
1387,Estonia,Spain,0.6352375
1395,Estonia,Sweden,13.756624999999998
1396,Estonia,Switzerland,0.6167333333333334
1406,Estonia,Turkey,0.7799208333333333
1413,Estonia,United Kingdom,2.9214916666666664
1414,Estonia,United States,3.8118
1434,Latvia,Argentina,0.015670833333333335
1437,Latvia,Australia,0.063892
1438,Latvia,Austria,0.5311079999999999
1445,Latvia,Belgium,1.16175
1455,Latvia,Brazil,0.032775000000000006
1459,Latvia,Bulgaria,0.131916
1465,Latvia,Canada,0.25276
1470,Latvia,Chile,0.05602500000000001
1471,Latvia,China,0.44082800000000005
1472,Latvia,Colombia,0.016925
1483,Latvia,Czech Republic,0.74662
1484,Latvia,Denmark,4.395136
1495,Latvia,Estonia,9.218411999999999
1502,Latvia,Finland,2.49198
1505,Latvia,France,1.668736
1510,Latvia,Germany,10.902180000000001
1513,Latvia,Greece,0.09584399999999998
1524,Latvia,Hungary,0.310468
1525,Latvia,Iceland,0.31079600000000007
1526,Latvia,India,0.17401600000000003
1527,Latvia,Indonesia,0.033724
1530,Latvia,Ireland,0.7580640000000001
1531,Latvia,Israel,0.154836
1532,Latvia,Italy,1.5666639999999998
1534,Latvia,Japan,0.490768
1540,Latvia,"Korea, Rep.",0.189332
1548,Latvia,Lithuania,12.701027999999999
1549,Latvia,Luxembourg,0.040659999999999995
1561,Latvia,Mexico,0.030854166666666672
1573,Latvia,Netherlands,2.6199
1576,Latvia,New Zealand,0.02374761904761905
1584,Latvia,Norway,1.901036
1595,Latvia,Poland,3.520916
1596,Latvia,Portugal,0.159088
1598,Latvia,Romania,0.134048
1599,Latvia,Russian Federation,11.093424
1614,Latvia,Slovak Republic,0.36963999999999997
1615,Latvia,Slovenia,0.092792
1617,Latvia,South Africa,0.068672
1621,Latvia,Spain,0.8559120000000001
1629,Latvia,Sweden,7.605856
1630,Latvia,Switzerland,0.600208
1639,Latvia,Turkey,0.54462
1646,Latvia,United Kingdom,8.822272
1647,Latvia,United States,2.253332
1668,Slovak Republic,Argentina,0.064472
1671,Slovak Republic,Australia,0.16238
1672,Slovak Republic,Austria,6.628840000000001
1679,Slovak Republic,Belgium,1.76583
1690,Slovak Republic,Brazil,0.092292
1694,Slovak Republic,Bulgaria,0.41090400000000005
1700,Slovak Republic,Canada,0.2506880000000001
1705,Slovak Republic,Chile,0.0286
1706,Slovak Republic,China,0.961356
1709,Slovak Republic,Colombia,0.028219999999999995
1720,Slovak Republic,Czech Republic,17.04894
1721,Slovak Republic,Denmark,0.6646080000000001
1732,Slovak Republic,Estonia,0.0779
1739,Slovak Republic,Finland,0.4613600000000001
1742,Slovak Republic,France,4.698092000000001
1749,Slovak Republic,Germany,23.10882
1752,Slovak Republic,Greece,0.35668
1766,Slovak Republic,Hungary,5.842104000000002
1767,Slovak Republic,Iceland,0.012072000000000001
1768,Slovak Republic,India,0.23028400000000002
1769,Slovak Republic,Indonesia,0.043732
1772,Slovak Republic,Ireland,0.14467200000000002
1773,Slovak Republic,Israel,0.151792
1774,Slovak Republic,Italy,6.210708
1776,Slovak Republic,Japan,0.20136400000000002
1782,Slovak Republic,"Korea, Rep.",0.11546800000000002
1787,Slovak Republic,Latvia,0.18156000000000003
1792,Slovak Republic,Lithuania,0.23002399999999998
1793,Slovak Republic,Luxembourg,0.12510500000000002
1806,Slovak Republic,Mexico,0.14664
1819,Slovak Republic,Netherlands,2.6729479999999994
1822,Slovak Republic,New Zealand,0.020748000000000003
1831,Slovak Republic,Norway,0.24129199999999998
1843,Slovak Republic,Poland,6.330859999999999
1844,Slovak Republic,Portugal,0.22175999999999996
1847,Slovak Republic,Romania,1.447372
1848,Slovak Republic,Russian Federation,2.524892
1863,Slovak Republic,Slovenia,0.8244839999999999
1866,Slovak Republic,South Africa,0.10610000000000001
1870,Slovak Republic,Spain,1.8584959999999997
1879,Slovak Republic,Sweden,1.1669960000000001
1880,Slovak Republic,Switzerland,1.227068
1890,Slovak Republic,Turkey,0.88372
1897,Slovak Republic,United Kingdom,3.267516
1898,Slovak Republic,United States,2.1357480000000004
1921,Finland,Argentina,0.16622580645161286
1924,Finland,Australia,0.9284516129032258
1925,Finland,Austria,0.878341935483871
1932,Finland,Belgium,2.6760899999999994
1943,Finland,Brazil,0.6445548387096776
1947,Finland,Bulgaria,0.09540967741935484
1953,Finland,Canada,0.9256225806451613
1958,Finland,Chile,0.28333225806451606
1959,Finland,China,2.9695806451612903
1962,Finland,Colombia,0.11349677419354838
1973,Finland,Czech Republic,0.49986538461538466
1975,Finland,Denmark,2.4886870967741936
1986,Finland,Estonia,2.679132
1996,Finland,France,4.07688064516129
2003,Finland,Germany,11.710667741935483
2006,Finland,Greece,0.5186677419354839
2019,Finland,Hungary,0.5207129032258065
2020,Finland,Iceland,0.08927096774193546
2021,Finland,India,0.6249387096774193
2022,Finland,Indonesia,0.3722935483870967
2025,Finland,Ireland,0.49604516129032256
2026,Finland,Israel,0.32169032258064517
2027,Finland,Italy,2.9558290322580643
2029,Finland,Japan,1.7058354838709677
2035,Finland,"Korea, Rep.",0.9451580645161292
2040,Finland,Latvia,0.7021925925925926
2045,Finland,Lithuania,0.5133925925925925
2046,Finland,Luxembourg,0.056115000000000005
2059,Finland,Mexico,0.32376774193548385
2072,Finland,Netherlands,5.068783870967742
2075,Finland,New Zealand,0.12993548387096776
2084,Finland,Norway,2.8689999999999998
2096,Finland,Poland,1.8966806451612905
2097,Finland,Portugal,0.4666806451612904
2100,Finland,Romania,0.15023870967741934
2101,Finland,Russian Federation,7.21137037037037
2116,Finland,Slovak Republic,0.1781269230769231
2117,Finland,Slovenia,0.10932962962962962
2120,Finland,South Africa,0.49015483870967735
2124,Finland,Spain,2.1550225806451615
2133,Finland,Sweden,10.829661290322582
2134,Finland,Switzerland,1.2223870967741932
2144,Finland,Turkey,0.8680677419354839
2151,Finland,United Kingdom,7.676803225806451
2152,Finland,United States,6.790325806451613
2177,Hungary,Argentina,0.0471037037037037
2180,Hungary,Australia,0.21693333333333337
2181,Hungary,Austria,7.176
2188,Hungary,Belgium,2.05281
2198,Hungary,Brazil,0.19845185185185188
2202,Hungary,Bulgaria,0.6311074074074076
2208,Hungary,Canada,0.22362222222222222
2213,Hungary,Chile,0.02727777777777778
2214,Hungary,China,0.9488444444444443
2216,Hungary,Colombia,0.01817777777777778
2227,Hungary,Czech Republic,2.8728999999999996
2229,Hungary,Denmark,0.6173777777777778
2240,Hungary,Estonia,0.12974999999999998
2248,Hungary,Finland,0.5255333333333333
2251,Hungary,France,4.612925925925926
2257,Hungary,Germany,29.876885185185184
2260,Hungary,Greece,0.450637037037037
2272,Hungary,Iceland,0.011314814814814814
2273,Hungary,India,0.17403333333333335
2274,Hungary,Indonesia,0.04966296296296297
2277,Hungary,Ireland,0.3697518518518519
2278,Hungary,Israel,0.3145185185185185
2279,Hungary,Italy,5.903777777777777
2281,Hungary,Japan,0.6067703703703704
2287,Hungary,"Korea, Rep.",0.23048518518518518
2292,Hungary,Latvia,0.14385384615384614
2297,Hungary,Lithuania,0.2448538461538462
2298,Hungary,Luxembourg,0.07706500000000001
2311,Hungary,Mexico,0.29993703703703706
2324,Hungary,Netherlands,3.3911740740740743
2327,Hungary,New Zealand,0.023748148148148147
2335,Hungary,Norway,0.20747407407407406
2346,Hungary,Poland,3.0866148148148147
2347,Hungary,Portugal,0.3869185185185185
2350,Hungary,Romania,3.737303703703704
2351,Hungary,Russian Federation,3.638255555555555
2366,Hungary,Slovak Republic,3.284107692307692
2367,Hungary,Slovenia,1.1730038461538461
2370,Hungary,South Africa,0.2556666666666667
2373,Hungary,Spain,2.316162962962963
2382,Hungary,Sweden,1.3243296296296299
2383,Hungary,Switzerland,1.1775444444444445
2393,Hungary,Turkey,1.148414814814815
2400,Hungary,United Kingdom,4.076151851851852
2401,Hungary,United States,3.3045481481481485
2421,Mexico,Argentina,0.3921965517241379
2424,Mexico,Australia,0.16880344827586208
2425,Mexico,Austria,0.038462068965517245
2432,Mexico,Belgium,0.305595
2441,Mexico,Brazil,0.8087103448275861
2445,Mexico,Bulgaria,0.003162068965517241
2450,Mexico,Canada,2.3834103448275856
2455,Mexico,Chile,0.46012758620689653
2456,Mexico,China,0.7083862068965519
2459,Mexico,Colombia,0.7401000000000001
2470,Mexico,Czech Republic,0.026530769230769233
2472,Mexico,Denmark,0.037313793103448276
2483,Mexico,Estonia,0.001583333333333333
2490,Mexico,Finland,0.030341379310344824
2493,Mexico,France,0.5016931034482759
2500,Mexico,Germany,1.1197000000000001
2503,Mexico,Greece,0.011389655172413792
2516,Mexico,Hungary,0.05705172413793103
2517,Mexico,Iceland,0.0005275862068965517
2518,Mexico,India,0.31414137931034486
2519,Mexico,Indonesia,0.036965517241379316
2522,Mexico,Ireland,0.06768965517241379
2523,Mexico,Israel,0.0984689655172414
2524,Mexico,Italy,0.2707172413793103
2526,Mexico,Japan,1.1254862068965517
2532,Mexico,"Korea, Rep.",0.2821758620689655
2537,Mexico,Latvia,0.0019954545454545455
2542,Mexico,Lithuania,0.005946153846153847
2543,Mexico,Luxembourg,0.010255
2567,Mexico,Netherlands,0.4819448275862068
2570,Mexico,New Zealand,0.017272413793103448
2579,Mexico,Norway,0.018537931034482757
2592,Mexico,Poland,0.027220689655172412
2593,Mexico,Portugal,0.09705862068965518
2596,Mexico,Romania,0.012117857142857142
2597,Mexico,Russian Federation,0.052585185185185186
2610,Mexico,Slovak Republic,0.004800000000000001
2611,Mexico,Slovenia,0.0030708333333333334
2614,Mexico,South Africa,0.039700000000000006
2617,Mexico,Spain,1.4456241379310348
2625,Mexico,Sweden,0.032231034482758616
2626,Mexico,Switzerland,0.24848965517241375
2636,Mexico,Turkey,0.03731034482758621
2643,Mexico,United Kingdom,0.5391413793103448
2644,Mexico,United States,82.02718620689656
2669,Czech Republic,Argentina,0.0602
2672,Czech Republic,Australia,0.20643461538461536
2673,Czech Republic,Austria,5.376084615384617
2680,Czech Republic,Belgium,2.4616249999999997
2691,Czech Republic,Brazil,0.18223076923076928
2695,Czech Republic,Bulgaria,0.3976961538461538
2701,Czech Republic,Canada,0.19276153846153846
2706,Czech Republic,Chile,0.03715384615384615
2707,Czech Republic,China,0.7164192307692309
2710,Czech Republic,Colombia,0.04055384615384615
2721,Czech Republic,Denmark,0.7512807692307693
2732,Czech Republic,Estonia,0.12449615384615385
2739,Czech Republic,Finland,0.4914807692307693
2742,Czech Republic,France,4.470680769230769
2749,Czech Republic,Germany,33.916265384615386
2752,Czech Republic,Greece,0.3402576923076923
2766,Czech Republic,Hungary,2.441119230769231
2767,Czech Republic,Iceland,0.026992307692307697
2768,Czech Republic,India,0.3624961538461538
2769,Czech Republic,Indonesia,0.06624230769230768
2772,Czech Republic,Ireland,0.3641576923076923
2773,Czech Republic,Israel,0.3079807692307692
2774,Czech Republic,Italy,4.0838
2776,Czech Republic,Japan,0.43875000000000003
2782,Czech Republic,"Korea, Rep.",0.19028076923076925
2787,Czech Republic,Latvia,0.15413461538461537
2792,Czech Republic,Lithuania,0.33356923076923073
2793,Czech Republic,Luxembourg,0.13362000000000004
2806,Czech Republic,Mexico,0.19731538461538461
2819,Czech Republic,Netherlands,3.1605153846153846
2823,Czech Republic,New Zealand,0.025011538461538457
2832,Czech Republic,Norway,0.4234192307692307
2844,Czech Republic,Poland,5.462676923076923
2845,Czech Republic,Portugal,0.2975346153846154
2848,Czech Republic,Romania,0.9114
2849,Czech Republic,Russian Federation,2.46505
2864,Czech Republic,Slovak Republic,9.88192307692308
2865,Czech Republic,Slovenia,0.6563807692307694
2868,Czech Republic,South Africa,0.20311153846153848
2872,Czech Republic,Spain,2.001553846153846
2880,Czech Republic,Sweden,1.3278346153846152
2881,Czech Republic,Switzerland,1.4335076923076924
2891,Czech Republic,Turkey,0.749623076923077
2898,Czech Republic,United Kingdom,4.451473076923077
2899,Czech Republic,United States,2.245276923076923
2923,Bulgaria,Argentina,0.06591304347826087
2926,Bulgaria,Australia,0.0948695652173913
2927,Bulgaria,Austria,1.7614
2934,Bulgaria,Belgium,4.79807
2943,Bulgaria,Brazil,0.1882565217391304
2952,Bulgaria,Canada,0.4076
2957,Bulgaria,Chile,0.03301739130434783
2958,Bulgaria,China,1.188869565217391
2960,Bulgaria,Colombia,0.023656521739130437
2971,Bulgaria,Czech Republic,0.9122869565217391
2972,Bulgaria,Denmark,0.44602173913043475
2983,Bulgaria,Estonia,0.06911304347826087
2990,Bulgaria,Finland,0.19704347826086957
2993,Bulgaria,France,4.230417391304348
2999,Bulgaria,Germany,10.794678260869569
3002,Bulgaria,Greece,8.112804347826089
3015,Bulgaria,Hungary,1.0267260869565218
3016,Bulgaria,Iceland,0.0036090909090909094
3017,Bulgaria,India,0.29452173913043483
3018,Bulgaria,Indonesia,0.11977391304347827
3021,Bulgaria,Ireland,0.13900434782608698
3022,Bulgaria,Israel,0.5040565217391304
3023,Bulgaria,Italy,10.834752173913044
3025,Bulgaria,Japan,0.25298695652173914
3031,Bulgaria,"Korea, Rep.",0.30397391304347826
3036,Bulgaria,Latvia,0.12361304347826085
3041,Bulgaria,Lithuania,0.18291739130434784
3042,Bulgaria,Luxembourg,0.042629999999999994
3054,Bulgaria,Mexico,0.16197391304347827
3066,Bulgaria,Netherlands,1.7991956521739132
3069,Bulgaria,New Zealand,0.01328695652173913
3078,Bulgaria,Norway,0.15396956521739133
3090,Bulgaria,Poland,1.4394782608695653
3091,Bulgaria,Portugal,0.3513304347826087
3093,Bulgaria,Romania,5.374726086956521
3094,Bulgaria,Russian Federation,2.9572608695652174
3109,Bulgaria,Slovak Republic,0.5136434782608694
3110,Bulgaria,Slovenia,0.6227217391304347
3113,Bulgaria,South Africa,0.1721
3116,Bulgaria,Spain,2.7058826086956524
3125,Bulgaria,Sweden,0.5502434782608695
3126,Bulgaria,Switzerland,0.7681434782608697
3136,Bulgaria,Turkey,8.975217391304346
3143,Bulgaria,United Kingdom,2.3760652173913046
3144,Bulgaria,United States,2.5811391304347824
3164,Iceland,Argentina,0.015636666666666667
3167,Iceland,Australia,0.16109354838709677
3168,Iceland,Austria,0.13149032258064514
3175,Iceland,Belgium,1.7629250000000003
3183,Iceland,Brazil,0.1766032258064516
3186,Iceland,Bulgaria,0.01899677419354839
3191,Iceland,Canada,0.8726032258064514
3196,Iceland,Chile,0.11831935483870967
3197,Iceland,China,0.7901741935483871
3199,Iceland,Colombia,0.014074193548387097
3209,Iceland,Czech Republic,0.056350000000000004
3211,Iceland,Denmark,4.068751612903226
3221,Iceland,Estonia,0.07813333333333335
3229,Iceland,Finland,0.5592032258064515
3231,Iceland,France,5.465019354838709
3237,Iceland,Germany,11.812164516129034
3240,Iceland,Greece,0.6100064516129033
3253,Iceland,Hungary,0.23934193548387098
3254,Iceland,India,0.02873333333333334
3255,Iceland,Indonesia,0.010953333333333337
3258,Iceland,Ireland,0.5663354838709679
3259,Iceland,Israel,0.053309677419354835
3260,Iceland,Italy,1.7261709677419355
3262,Iceland,Japan,4.841209677419356
3266,Iceland,"Korea, Rep.",0.24364516129032257
3270,Iceland,Latvia,0.0937923076923077
3274,Iceland,Lithuania,0.760577777777778
3275,Iceland,Luxembourg,0.078945
3287,Iceland,Mexico,0.03462
3299,Iceland,Netherlands,14.907035483870969
3302,Iceland,New Zealand,0.05902580645161291
3310,Iceland,Norway,3.9498387096774197
3320,Iceland,Poland,0.7282193548387098
3321,Iceland,Portugal,2.9003419354838713
3324,Iceland,Romania,0.022841379310344825
3325,Iceland,Russian Federation,1.4121629629629633
3336,Iceland,Slovak Republic,0.071225
3337,Iceland,Slovenia,0.013352
3339,Iceland,South Africa,0.08769333333333335
3342,Iceland,Spain,5.676890322580644
3350,Iceland,Sweden,0.9834741935483872
3351,Iceland,Switzerland,2.255329032258065
3360,Iceland,Turkey,0.16673870967741936
3365,Iceland,United Kingdom,16.451706451612907
3366,Iceland,United States,9.632603225806452
3388,Turkey,Argentina,0.07518333333333334
3391,Turkey,Australia,0.28810666666666673
3392,Turkey,Austria,0.99975
3399,Turkey,Belgium,1.873875
3409,Turkey,Brazil,0.25641
3413,Turkey,Bulgaria,1.0982399999999999
3418,Turkey,Canada,0.5094166666666667
3423,Turkey,Chile,0.06852666666666668
3424,Turkey,China,1.1241433333333333
3427,Turkey,Colombia,0.05598999999999999
3438,Turkey,Czech Republic,0.4466576923076922
3440,Turkey,Denmark,0.7291833333333333
3451,Turkey,Estonia,0.06434074074074075
3459,Turkey,Finland,0.24731333333333336
3462,Turkey,France,5.072166666666667
3470,Turkey,Germany,15.572969999999998
3473,Turkey,Greece,1.298873333333333
3487,Turkey,Hungary,0.46244
3488,Turkey,Iceland,0.01767
3489,Turkey,India,0.36151666666666665
3490,Turkey,Indonesia,0.1488066666666667
3493,Turkey,Ireland,0.3661433333333333
3494,Turkey,Israel,1.6023333333333336
3495,Turkey,Italy,6.204136666666668
3497,Turkey,Japan,0.5711633333333332
3503,Turkey,"Korea, Rep.",0.42230333333333336
3508,Turkey,Latvia,0.06721923076923077
3513,Turkey,Lithuania,0.15445185185185184
3514,Turkey,Luxembourg,0.03544117647058823
3527,Turkey,Mexico,0.14709666666666668
3540,Turkey,Netherlands,2.9146533333333333
3543,Turkey,New Zealand,0.04862333333333334
3552,Turkey,Norway,0.3163366666666667
3564,Turkey,Poland,1.2235233333333335
3565,Turkey,Portugal,0.4571666666666666
3568,Turkey,Romania,1.7083066666666669
3569,Turkey,Russian Federation,3.7273962962962965
3582,Turkey,Slovak Republic,0.1901307692307692
3583,Turkey,Slovenia,0.3480629629629629
3586,Turkey,South Africa,0.37410000000000004
3591,Turkey,Spain,2.789826666666667
3600,Turkey,Sweden,0.7334466666666667
3601,Turkey,Switzerland,1.4109966666666662
3617,Turkey,United Kingdom,6.506460000000001
3618,Turkey,United States,6.305736666666666
3643,Germany,Argentina,0.21055483870967745
3646,Germany,Australia,0.6742290322580644
3647,Germany,Austria,5.372777419354839
3654,Germany,Belgium,4.53627
3665,Germany,Brazil,0.7792032258064516
3669,Germany,Bulgaria,0.206741935483871
3675,Germany,Canada,0.718748387096774
3680,Germany,Chile,0.15317741935483872
3681,Germany,China,3.1678548387096774
3684,Germany,Colombia,0.11355483870967742
3695,Germany,Czech Republic,2.4307538461538463
3697,Germany,Denmark,1.6442258064516129
3708,Germany,Estonia,0.10451481481481482
3716,Germany,Finland,0.9299645161290323
3719,Germany,France,10.510380645161288
3727,Germany,Greece,0.7312193548387098
3741,Germany,Hungary,1.4089258064516128
3742,Germany,Iceland,0.043093548387096774
3743,Germany,India,0.6240612903225806
3744,Germany,Indonesia,0.29081935483870974
3747,Germany,Ireland,0.5188741935483873
3748,Germany,Israel,0.3820064516129033
3749,Germany,Italy,6.914054838709677
3751,Germany,Japan,1.8993290322580647
3757,Germany,"Korea, Rep.",0.9763290322580646
3762,Germany,Latvia,0.11412222222222225
3767,Germany,Lithuania,0.19024814814814814
3768,Germany,Luxembourg,0.4694649999999999
3781,Germany,Mexico,0.7088774193548387
3794,Germany,Netherlands,6.829470967741935
3798,Germany,New Zealand,0.08700000000000001
3807,Germany,Norway,0.7781709677419355
3819,Germany,Poland,2.789764516129032
3820,Germany,Portugal,0.8684032258064518
3823,Germany,Romania,0.596483870967742
3824,Germany,Russian Federation,2.1362814814814817
3839,Germany,Slovak Republic,0.7505269230769229
3840,Germany,Slovenia,0.3822888888888889
3843,Germany,South Africa,0.7555161290322581
3848,Germany,Spain,3.847274193548387
3857,Germany,Sweden,2.181477419354839
3858,Germany,Switzerland,4.5861967741935485
3868,Germany,Turkey,1.403367741935484
3875,Germany,United Kingdom,7.600287096774194
3876,Germany,United States,8.2399
3902,Austria,Argentina,0.10540000000000001
3905,Austria,Australia,0.5589159999999999
3912,Austria,Belgium,1.4394300000000002
3923,Austria,Brazil,0.480792
3927,Austria,Bulgaria,0.43692
3933,Austria,Canada,0.724052
3938,Austria,Chile,0.085608
3939,Austria,China,1.594112
3942,Austria,Colombia,0.059224000000000006
3953,Austria,Czech Republic,3.240044
3954,Austria,Denmark,0.6538039999999999
3965,Austria,Estonia,0.08225600000000002
3972,Austria,Finland,0.49629599999999996
3975,Austria,France,4.274132
3981,Austria,Germany,32.248391999999996
3984,Austria,Greece,0.4554319999999999
3997,Austria,Hungary,3.683836
3998,Austria,Iceland,0.022400000000000003
3999,Austria,India,0.3793000000000001
4000,Austria,Indonesia,0.20637600000000003
4003,Austria,Ireland,0.27572800000000003
4004,Austria,Israel,0.20735599999999998
4005,Austria,Italy,7.840268
4007,Austria,Japan,1.091096
4013,Austria,"Korea, Rep.",0.5578679999999998
4018,Austria,Latvia,0.089032
4023,Austria,Lithuania,0.11113999999999999
4024,Austria,Luxembourg,0.15275
4037,Austria,Mexico,0.32792399999999994
4050,Austria,Netherlands,2.009748
4054,Austria,New Zealand,0.07923200000000001
4063,Austria,Norway,0.4146
4075,Austria,Poland,2.2041039999999996
4076,Austria,Portugal,0.353652
4079,Austria,Romania,1.2401920000000002
4080,Austria,Russian Federation,1.7163479999999998
4095,Austria,Slovak Republic,1.6496880000000003
4096,Austria,Slovenia,1.881124
4099,Austria,South Africa,0.3922800000000001
4103,Austria,Spain,2.1767240000000005
4112,Austria,Sweden,1.1289200000000001
4113,Austria,Switzerland,5.371824000000001
4123,Austria,Turkey,0.81668
4130,Austria,United Kingdom,3.5230080000000004
4131,Austria,United States,5.043844000000001
4155,Brazil,Argentina,8.047203333333332
4158,Brazil,Australia,0.4311966666666666
4159,Brazil,Austria,0.13904333333333335
4166,Brazil,Belgium,2.0943300000000002
4177,Brazil,Brazil,0.0
4181,Brazil,Bulgaria,0.09488666666666666
4187,Brazil,Canada,1.2645466666666667
4192,Brazil,Chile,2.289603333333333
4193,Brazil,China,8.451400000000001
4196,Brazil,Colombia,1.0272833333333333
4207,Brazil,Czech Republic,0.042908333333333326
4209,Brazil,Denmark,0.2357866666666667
4220,Brazil,Estonia,0.02195
4228,Brazil,Finland,0.22707000000000002
4231,Brazil,France,2.1190166666666665
4238,Brazil,Germany,4.206476666666666
4241,Brazil,Greece,0.22467000000000004
4254,Brazil,Hungary,0.14351
4255,Brazil,Iceland,0.03779999999999999
4256,Brazil,India,1.0194866666666667
4257,Brazil,Indonesia,0.6232966666666668
4260,Brazil,Ireland,0.18466333333333332
4261,Brazil,Israel,0.17484000000000002
4262,Brazil,Italy,2.9106300000000003
4264,Brazil,Japan,4.2137899999999995
4270,Brazil,"Korea, Rep.",1.5534266666666667
4275,Brazil,Latvia,0.010972727272727273
4280,Brazil,Lithuania,0.02986500000000001
4281,Brazil,Luxembourg,0.042355
4293,Brazil,Mexico,2.30012
4306,Brazil,Netherlands,5.880123333333334
4309,Brazil,New Zealand,0.054526666666666675
4318,Brazil,Norway,0.3144133333333334
4331,Brazil,Poland,0.2478633333333333
4332,Brazil,Portugal,0.7428900000000002
4335,Brazil,Romania,0.17836333333333332
4336,Brazil,Russian Federation,1.4892814814814812
4351,Brazil,Slovak Republic,0.044300000000000006
4352,Brazil,Slovenia,0.12437391304347829
4355,Brazil,South Africa,0.7039100000000001
4359,Brazil,Spain,1.8892
4367,Brazil,Sweden,0.3382166666666667
4368,Brazil,Switzerland,0.66344
4378,Brazil,Turkey,0.50631
4385,Brazil,United Kingdom,2.384006666666666
4386,Brazil,United States,17.52894666666667
4412,Netherlands,Argentina,0.1214037037037037
4415,Netherlands,Australia,0.3886444444444445
4416,Netherlands,Austria,1.325137037037037
4423,Netherlands,Belgium,11.29708
4434,Netherlands,Brazil,0.4030851851851852
4438,Netherlands,Bulgaria,0.11721851851851853
4444,Netherlands,Canada,0.45208148148148153
4449,Netherlands,Chile,0.09388148148148148
4450,Netherlands,China,1.094325925925926
4453,Netherlands,Colombia,0.07456666666666666
4464,Netherlands,Czech Republic,0.9826807692307693
4466,Netherlands,Denmark,1.408196296296296
4477,Netherlands,Estonia,0.09783703703703706
4485,Netherlands,Finland,0.9415999999999999
4488,Netherlands,France,9.158774074074074
4494,Netherlands,Germany,24.47728518518518
4497,Netherlands,Greece,0.7703555555555553
4511,Netherlands,Hungary,0.5687925925925926
4512,Netherlands,Iceland,0.08512222222222221
4513,Netherlands,India,0.330037037037037
4514,Netherlands,Indonesia,0.19294814814814815
4517,Netherlands,Ireland,0.8187962962962962
4518,Netherlands,Israel,0.35881851851851854
4519,Netherlands,Italy,5.132618518518518
4521,Netherlands,Japan,0.8641814814814814
4527,Netherlands,"Korea, Rep.",0.678337037037037
4532,Netherlands,Latvia,0.07978888888888888
4537,Netherlands,Lithuania,0.12350740740740743
4538,Netherlands,Luxembourg,0.30666842105263165
4551,Netherlands,Mexico,0.3636037037037037
4566,Netherlands,New Zealand,0.0628888888888889
4575,Netherlands,Norway,0.8244518518518518
4587,Netherlands,Poland,1.5302666666666664
4588,Netherlands,Portugal,0.7130592592592593
4591,Netherlands,Romania,0.30084814814814814
4592,Netherlands,Russian Federation,1.1833444444444445
4607,Netherlands,Slovak Republic,0.21338846153846153
4608,Netherlands,Slovenia,0.14719259259259262
4611,Netherlands,South Africa,0.3810407407407408
4615,Netherlands,Spain,3.1050962962962956
4624,Netherlands,Sweden,1.9133555555555557
4625,Netherlands,Switzerland,1.4890111111111115
4635,Netherlands,Turkey,0.9202481481481484
4642,Netherlands,United Kingdom,9.044437037037039
4643,Netherlands,United States,4.298492592592592
4666,Chile,Argentina,2.513586206896552
4669,Chile,Australia,0.5204
4670,Chile,Austria,0.06451724137931034
4677,Chile,Belgium,1.3800649999999997
4686,Chile,Brazil,5.14968275862069
4690,Chile,Bulgaria,0.38066153846153844
4695,Chile,Canada,1.4901999999999997
4700,Chile,China,12.531113793103447
4701,Chile,Colombia,1.1036413793103446
4712,Chile,Czech Republic,0.00974
4714,Chile,Denmark,0.2307206896551724
4724,Chile,Estonia,0.01907083333333333
4730,Chile,Finland,0.33416896551724135
4733,Chile,France,2.8533448275862074
4741,Chile,Germany,3.2906517241379314
4744,Chile,Greece,0.3084862068965517
4756,Chile,Hungary,0.008124137931034482
4757,Chile,Iceland,0.01946206896551724
4758,Chile,India,1.5649586206896555
4759,Chile,Indonesia,0.43047931034482767
4762,Chile,Ireland,0.07842758620689655
4763,Chile,Israel,0.06762413793103447
4764,Chile,Italy,3.4781862068965514
4766,Chile,Japan,12.621168965517239
4772,Chile,"Korea, Rep.",5.107541379310345
4777,Chile,Latvia,0.02499565217391304
4782,Chile,Lithuania,0.018158333333333335
4783,Chile,Luxembourg,0.002175
4795,Chile,Mexico,2.55773448275862
4808,Chile,Netherlands,3.4647758620689655
4811,Chile,New Zealand,0.07613793103448276
4819,Chile,Norway,0.1351310344827586
4829,Chile,Poland,0.14015862068965518
4830,Chile,Portugal,0.11283793103448275
4832,Chile,Romania,0.024034482758620693
4833,Chile,Russian Federation,0.48081851851851853
4844,Chile,Slovak Republic,0.0015400000000000001
4845,Chile,Slovenia,0.004391666666666666
4848,Chile,South Africa,0.2942620689655173
4851,Chile,Spain,2.2718
4859,Chile,Sweden,0.49982068965517246
4860,Chile,Switzerland,0.5644413793103449
4869,Chile,Turkey,0.37798275862068975
4876,Chile,United Kingdom,3.4506793103448277
4877,Chile,United States,14.751444827586207
4900,Switzerland,Argentina,0.24546129032258063
4903,Switzerland,Australia,0.8668677419354837
4904,Switzerland,Austria,3.146561290322581
4911,Switzerland,Belgium,1.9200799999999998
4922,Switzerland,Brazil,0.8207387096774194
4926,Switzerland,Bulgaria,0.1307290322580645
4931,Switzerland,Canada,1.0554
4936,Switzerland,Chile,0.11816129032258066
4937,Switzerland,China,2.781403225806452
4940,Switzerland,Colombia,0.16518387096774195
4951,Switzerland,Czech Republic,0.6283884615384616
4953,Switzerland,Denmark,0.7340290322580645
4964,Switzerland,Estonia,0.03401111111111112
4972,Switzerland,Finland,0.5101516129032257
4975,Switzerland,France,8.326912903225807
4982,Switzerland,Germany,19.809838709677418
4985,Switzerland,Greece,0.5711709677419355
4999,Switzerland,Hungary,0.45148709677419363
5000,Switzerland,Iceland,0.022264516129032255
5001,Switzerland,India,2.0948935483870965
5002,Switzerland,Indonesia,0.2460677419354839
5005,Switzerland,Ireland,0.37889354838709677
5006,Switzerland,Israel,0.778016129032258
5007,Switzerland,Italy,7.600874193548387
5009,Switzerland,Japan,3.4999354838709684
5015,Switzerland,"Korea, Rep.",0.8761967741935486
5020,Switzerland,Latvia,0.05638148148148147
5025,Switzerland,Lithuania,0.0519
5026,Switzerland,Luxembourg,0.16363500000000003
5039,Switzerland,Mexico,0.5800806451612901
5052,Switzerland,Netherlands,2.6439451612903224
5055,Switzerland,New Zealand,0.10760967741935484
5064,Switzerland,Norway,0.4226870967741936
5076,Switzerland,Poland,0.7376064516129032
5077,Switzerland,Portugal,0.5581225806451613
5080,Switzerland,Romania,0.22561935483870968
5081,Switzerland,Russian Federation,0.7921888888888889
5096,Switzerland,Slovak Republic,0.18754615384615383
5097,Switzerland,Slovenia,0.18023703703703708
5100,Switzerland,South Africa,0.43684838709677426
5105,Switzerland,Spain,2.6392290322580645
5114,Switzerland,Sweden,1.0636774193548386
5124,Switzerland,Turkey,1.1253967741935484
5131,Switzerland,United Kingdom,5.938741935483871
5132,Switzerland,United States,10.191925806451609
5158,Denmark,Argentina,0.12114666666666664
5161,Denmark,Australia,0.6735733333333332
5162,Denmark,Austria,0.7885933333333334
5169,Denmark,Belgium,1.406015
5180,Denmark,Brazil,0.33790666666666674
5184,Denmark,Bulgaria,0.09108999999999999
5189,Denmark,Canada,0.6244533333333334
5194,Denmark,Chile,0.1222
5195,Denmark,China,1.42582
5198,Denmark,Colombia,0.049859999999999995
5209,Denmark,Czech Republic,0.4674269230769231
5221,Denmark,Estonia,0.22394444444444445
5229,Denmark,Finland,2.4844866666666667
5232,Denmark,France,4.158736666666666
5239,Denmark,Germany,17.202183333333334
5242,Denmark,Greece,0.6451999999999999
5256,Denmark,Hungary,0.37596666666666667
5257,Denmark,Iceland,0.4446466666666667
5258,Denmark,India,0.3112333333333333
5259,Denmark,Indonesia,0.12838333333333332
5262,Denmark,Ireland,0.9222733333333334
5263,Denmark,Israel,0.18803333333333336
5264,Denmark,Italy,3.0584733333333336
5266,Denmark,Japan,2.3830033333333334
5272,Denmark,"Korea, Rep.",0.6396066666666667
5277,Denmark,Latvia,0.23492962962962963
5282,Denmark,Lithuania,0.38075555555555557
5283,Denmark,Luxembourg,0.08462499999999999
5296,Denmark,Mexico,0.23156666666666667
5310,Denmark,Netherlands,4.208936666666667
5313,Denmark,New Zealand,0.10996666666666667
5322,Denmark,Norway,5.908193333333332
5334,Denmark,Poland,1.8298366666666672
5335,Denmark,Portugal,0.42869666666666667
5338,Denmark,Romania,0.17040333333333335
5339,Denmark,Russian Federation,1.2207074074074074
5354,Denmark,Slovak Republic,0.17191153846153845
5355,Denmark,Slovenia,0.0816111111111111
5358,Denmark,South Africa,0.19871999999999998
5363,Denmark,Spain,2.0412966666666668
5372,Denmark,Sweden,11.49243333333333
5373,Denmark,Switzerland,1.1704100000000004
5383,Denmark,Turkey,0.45704333333333325
5390,Denmark,United Kingdom,8.237916666666667
5391,Denmark,United States,4.8383466666666655
5417,United Kingdom,Argentina,0.13177692307692304
5420,United Kingdom,Australia,1.3006538461538464
5421,United Kingdom,Austria,0.6114192307692308
5428,United Kingdom,Belgium,4.732809999999999
5439,United Kingdom,Brazil,0.5420346153846155
5443,United Kingdom,Bulgaria,0.08709230769230768
5449,United Kingdom,Canada,1.493892307692308
5454,United Kingdom,Chile,0.1276192307692308
5455,United Kingdom,China,2.1085
5458,United Kingdom,Colombia,0.08181538461538462
5469,United Kingdom,Czech Republic,0.5300307692307692
5470,United Kingdom,Denmark,1.0645192307692308
5481,United Kingdom,Estonia,0.06258846153846155
5488,United Kingdom,Finland,0.6988846153846153
5491,United Kingdom,France,8.456407692307693
5497,United Kingdom,Germany,11.051296153846152
5500,United Kingdom,Greece,0.5528115384615384
5514,United Kingdom,Hungary,0.34430769230769226
5515,United Kingdom,Iceland,0.08476923076923078
5516,United Kingdom,India,1.1994423076923078
5517,United Kingdom,Indonesia,0.2041884615384616
5520,United Kingdom,Ireland,6.272257692307691
5521,United Kingdom,Israel,0.580623076923077
5522,United Kingdom,Italy,3.856615384615384
5524,United Kingdom,Japan,1.811188461538462
5530,United Kingdom,"Korea, Rep.",0.9470384615384615
5535,United Kingdom,Latvia,0.06646923076923075
5540,United Kingdom,Lithuania,0.08192692307692306
5541,United Kingdom,Luxembourg,0.125985
5554,United Kingdom,Mexico,0.3288038461538462
5568,United Kingdom,Netherlands,7.060792307692308
5572,United Kingdom,New Zealand,0.19892692307692308
5581,United Kingdom,Norway,1.1406884615384618
5593,United Kingdom,Poland,0.9643961538461541
5594,United Kingdom,Portugal,0.8137192307692309
5597,United Kingdom,Romania,0.23875000000000005
5598,United Kingdom,Russian Federation,0.8725615384615385
5613,United Kingdom,Slovak Republic,0.11783461538461538
5614,United Kingdom,Slovenia,0.07785769230769232
5617,United Kingdom,South Africa,0.9123769230769232
5621,United Kingdom,Spain,3.6596
5630,United Kingdom,Sweden,2.0421923076923076
5631,United Kingdom,Switzerland,3.581042307692307
5641,United Kingdom,Turkey,1.0977961538461538
5648,United Kingdom,United States,13.642084615384617
5672,Italy,Argentina,0.349044
5675,Italy,Australia,0.80436
5676,Italy,Austria,2.2900799999999997
5683,Italy,Belgium,2.8267599999999997
5694,Italy,Brazil,0.9893800000000001
5698,Italy,Bulgaria,0.364544
5704,Italy,Canada,0.8221160000000001
5709,Italy,Chile,0.1893
5710,Italy,China,1.814636
5713,Italy,Colombia,0.12756800000000001
5724,Italy,Czech Republic,0.9388599999999999
5725,Italy,Denmark,0.737624
5736,Italy,Estonia,0.07458000000000001
5743,Italy,Finland,0.446032
5746,Italy,France,11.753204
5753,Italy,Germany,14.140603999999996
5756,Italy,Greece,1.6863959999999998
5770,Italy,Hungary,0.9118400000000001
5771,Italy,Iceland,0.024648
5772,Italy,India,0.630924
5773,Italy,Indonesia,0.229116
5776,Italy,Ireland,0.41342399999999996
5777,Italy,Israel,0.622508
5779,Italy,Japan,1.555164
5785,Italy,"Korea, Rep.",0.816712
5790,Italy,Latvia,0.08295599999999999
5795,Italy,Lithuania,0.148172
5796,Italy,Luxembourg,0.14824500000000002
5809,Italy,Mexico,0.7042839999999999
5822,Italy,Netherlands,2.532536
5825,Italy,New Zealand,0.10512800000000003
5834,Italy,Norway,0.417008
5846,Italy,Poland,2.0549679999999997
5847,Italy,Portugal,1.114976
5850,Italy,Romania,1.31714
5851,Italy,Russian Federation,1.8216639999999997
5866,Italy,Slovak Republic,0.45842800000000006
5867,Italy,Slovenia,0.9067439999999999
5870,Italy,South Africa,0.42574000000000006
5874,Italy,Spain,5.766572000000001
5883,Italy,Sweden,1.007564
5884,Italy,Switzerland,4.181268
5894,Italy,Turkey,1.9427960000000002
5901,Italy,United Kingdom,5.997375999999999
5902,Italy,United States,7.864783999999998
5925,South Africa,Argentina,0.2513925925925926
5928,South Africa,Australia,1.4624
5929,South Africa,Austria,0.22723333333333337
5936,South Africa,Belgium,2.8043
5947,South Africa,Brazil,0.7446037037037037
5951,South Africa,Bulgaria,0.03253333333333334
5957,South Africa,Canada,0.657188888888889
5962,South Africa,Chile,0.14195925925925929
5963,South Africa,China,5.1262740740740735
5966,South Africa,Colombia,0.0545074074074074
5977,South Africa,Czech Republic,0.1214076923076923
5979,South Africa,Denmark,0.25822962962962964
5990,South Africa,Estonia,0.013229166666666667
5998,South Africa,Finland,0.13411481481481483
6001,South Africa,France,1.6380814814814817
6007,South Africa,Germany,6.516055555555555
6010,South Africa,Greece,0.13959259259259257
6024,South Africa,Hungary,0.04726666666666667
6025,South Africa,Iceland,0.017044444444444442
6026,South Africa,India,2.2696259259259257
6027,South Africa,Indonesia,0.477937037037037
6030,South Africa,Ireland,0.2926925925925926
6031,South Africa,Israel,1.228522222222222
6032,South Africa,Italy,2.181814814814815
6034,South Africa,Japan,7.274525925925927
6040,South Africa,"Korea, Rep.",1.8869185185185184
6045,South Africa,Latvia,0.007964
6050,South Africa,Lithuania,0.015152
6051,South Africa,Luxembourg,0.02384
6064,South Africa,Mexico,0.2875296296296297
6077,South Africa,Netherlands,3.6595518518518513
6081,South Africa,New Zealand,0.13297037037037032
6090,South Africa,Norway,0.2775851851851851
6102,South Africa,Poland,0.2098666666666667
6103,South Africa,Portugal,0.30034814814814825
6106,South Africa,Romania,0.06047037037037036
6107,South Africa,Russian Federation,0.3224407407407408
6121,South Africa,Slovak Republic,0.0052875
6122,South Africa,Slovenia,0.05224799999999998
6128,South Africa,Spain,1.8451962962962962
6137,South Africa,Sweden,0.31174444444444444
6138,South Africa,Switzerland,2.5302518518518515
6148,South Africa,Turkey,0.5082814814814814
6155,South Africa,United Kingdom,7.1401814814814815
6156,South Africa,United States,9.230818518518518
6180,Luxembourg,Argentina,0.04735000000000001
6183,Luxembourg,Australia,0.201485
6184,Luxembourg,Austria,1.6831599999999998
6191,Luxembourg,Belgium,12.471700000000002
6199,Luxembourg,Brazil,0.2910750000000001
6202,Luxembourg,Bulgaria,0.107365
6208,Luxembourg,Canada,0.6088199999999999
6213,Luxembourg,Chile,0.07415
6214,Luxembourg,China,1.35942
6216,Luxembourg,Colombia,0.033604999999999996
6227,Luxembourg,Czech Republic,0.924355
6228,Luxembourg,Denmark,0.783005
6239,Luxembourg,Estonia,0.0558
6246,Luxembourg,Finland,0.5072800000000001
6249,Luxembourg,France,16.967155
6255,Luxembourg,Germany,26.151384999999998
6258,Luxembourg,Greece,0.27543500000000004
6271,Luxembourg,Hungary,0.4509900000000001
6272,Luxembourg,Iceland,0.042975
6273,Luxembourg,India,0.25973999999999997
6274,Luxembourg,Indonesia,0.061250000000000006
6277,Luxembourg,Ireland,0.362695
6278,Luxembourg,Israel,0.156605
6279,Luxembourg,Italy,4.847619999999999
6281,Luxembourg,Japan,0.4509099999999999
6287,Luxembourg,"Korea, Rep.",0.29639
6292,Luxembourg,Latvia,0.057075
6297,Luxembourg,Lithuania,0.11047499999999999
6309,Luxembourg,Mexico,0.35860000000000003
6322,Luxembourg,Netherlands,5.09048
6325,Luxembourg,New Zealand,0.037655
6333,Luxembourg,Norway,0.45112500000000005
6345,Luxembourg,Poland,1.7504950000000001
6346,Luxembourg,Portugal,0.468375
6348,Luxembourg,Romania,0.287075
6349,Luxembourg,Russian Federation,0.85969
6364,Luxembourg,Slovak Republic,0.27860500000000005
6365,Luxembourg,Slovenia,0.26731000000000005
6368,Luxembourg,South Africa,0.27287
6371,Luxembourg,Spain,2.6707400000000003
6379,Luxembourg,Sweden,1.3338949999999998
6380,Luxembourg,Switzerland,1.572805
6390,Luxembourg,Turkey,0.7850049999999998
6397,Luxembourg,United Kingdom,4.996060000000001
6398,Luxembourg,United States,3.089385
6420,Sweden,Argentina,0.19815925925925923
6423,Sweden,Australia,1.1569037037037038
6424,Sweden,Austria,1.0005518518518517
6431,Sweden,Belgium,4.330690000000001
6442,Sweden,Brazil,0.7148333333333333
6446,Sweden,Bulgaria,0.0799074074074074
6452,Sweden,Canada,0.9633333333333334
6457,Sweden,Chile,0.20794444444444446
6458,Sweden,China,2.477081481481481
6461,Sweden,Colombia,0.10162962962962963
6472,Sweden,Czech Republic,0.5902999999999999
6474,Sweden,Denmark,6.624370370370372
6485,Sweden,Estonia,0.6177592592592593
6493,Sweden,Finland,5.957881481481481
6496,Sweden,France,4.812133333333334
6502,Sweden,Germany,10.774574074074076
6505,Sweden,Greece,0.44357407407407407
6519,Sweden,Hungary,0.44243703703703696
6520,Sweden,Iceland,0.22113333333333327
6521,Sweden,India,0.6996444444444443
6522,Sweden,Indonesia,0.3396444444444444
6525,Sweden,Ireland,0.5499703703703704
6526,Sweden,Israel,0.28455185185185183
6527,Sweden,Italy,3.1874148148148147
6529,Sweden,Japan,1.898
6535,Sweden,"Korea, Rep.",0.6848888888888889
6540,Sweden,Latvia,0.2782962962962963
6545,Sweden,Lithuania,0.3524666666666667
6546,Sweden,Luxembourg,0.06200999999999999
6559,Sweden,Mexico,0.4974259259259259
6572,Sweden,Netherlands,5.146577777777777
6575,Sweden,New Zealand,0.13022592592592594
6584,Sweden,Norway,9.083874074074075
6596,Sweden,Poland,2.0509407407407405
6597,Sweden,Portugal,0.5182925925925926
6600,Sweden,Romania,0.18567407407407405
6601,Sweden,Russian Federation,1.3491037037037037
6616,Sweden,Slovak Republic,0.16473846153846153
6617,Sweden,Slovenia,0.11287777777777776
6620,Sweden,South Africa,0.514037037037037
6624,Sweden,Spain,2.3057222222222222
6633,Sweden,Switzerland,1.272737037037037
6643,Sweden,Turkey,0.9393560000000001
6650,Sweden,United Kingdom,7.900114814814816
6651,Sweden,United States,8.056700000000003
6675,Japan,Argentina,0.125841935483871
6677,Japan,Australia,2.124429032258065
6678,Japan,Austria,0.25546451612903226
6685,Japan,Belgium,0.9971400000000001
6695,Japan,Brazil,0.5527838709677418
6699,Japan,Bulgaria,0.012741935483870969
6704,Japan,Canada,1.5600516129032258
6709,Japan,Chile,0.2150548387096774
6710,Japan,China,11.12100322580645
6712,Japan,Colombia,0.17350322580645164
6723,Japan,Czech Republic,0.16239615384615386
6725,Japan,Denmark,0.15289677419354838
6736,Japan,Estonia,0.01516296296296296
6743,Japan,Finland,0.23605806451612904
6746,Japan,France,1.3421516129032256
6753,Japan,Germany,3.894264516129032
6756,Japan,Greece,0.15791612903225807
6768,Japan,Hungary,0.17688387096774194
6769,Japan,Iceland,0.017319354838709677
6770,Japan,India,0.8112741935483869
6771,Japan,Indonesia,1.747193548387097
6774,Japan,Ireland,0.2934935483870968
6775,Japan,Israel,0.22531935483870966
6776,Japan,Italy,0.9073677419354839
6783,Japan,"Korea, Rep.",6.860348387096774
6788,Japan,Latvia,0.005385185185185186
6793,Japan,Lithuania,0.006033333333333334
6794,Japan,Luxembourg,0.04073499999999999
6805,Japan,Mexico,1.144790322580645
6818,Japan,Netherlands,2.2452580645161295
6821,Japan,New Zealand,0.34201935483870965
6829,Japan,Norway,0.22519677419354844
6842,Japan,Poland,0.15667096774193548
6843,Japan,Portugal,0.1371
6846,Japan,Romania,0.027706451612903228
6847,Japan,Russian Federation,0.7408148148148148
6859,Japan,Slovak Republic,0.03167307692307692
6860,Japan,Slovenia,0.015544444444444446
6863,Japan,South Africa,0.4955161290322581
6867,Japan,Spain,0.6226290322580643
6876,Japan,Sweden,0.3625645161290323
6877,Japan,Switzerland,0.6203903225806451
6887,Japan,Turkey,0.3096387096774193
6894,Japan,United Kingdom,2.7133000000000003
6895,Japan,United States,24.661490322580647
6920,Spain,Argentina,0.5891966666666666
6923,Spain,Australia,0.4794266666666667
6924,Spain,Austria,0.8323066666666665
6931,Spain,Belgium,2.82044
6942,Spain,Brazil,0.8551733333333333
6946,Spain,Bulgaria,0.20670333333333332
6952,Spain,Canada,0.5163533333333333
6957,Spain,Chile,0.4239100000000002
6958,Spain,China,1.0667033333333333
6961,Spain,Colombia,0.26417999999999997
6972,Spain,Czech Republic,0.6082576923076923
6974,Spain,Denmark,0.6391233333333333
6985,Spain,Estonia,0.044355555555555565
6993,Spain,Finland,0.3576166666666666
6996,Spain,France,18.448976666666667
7003,Spain,Germany,12.182783333333331
7006,Spain,Greece,0.9371700000000002
7020,Spain,Hungary,0.41554666666666673
7021,Spain,Iceland,0.02854000000000001
7022,Spain,India,0.33709
7023,Spain,Indonesia,0.17067
7026,Spain,Ireland,0.49227666666666653
7027,Spain,Israel,0.4974833333333334
7028,Spain,Italy,8.814473333333332
7030,Spain,Japan,0.9490533333333333
7036,Spain,"Korea, Rep.",0.42375
7041,Spain,Latvia,0.04434444444444444
7046,Spain,Lithuania,0.09151851851851854
7047,Spain,Luxembourg,0.11050000000000001
7060,Spain,Mexico,1.3997566666666665
7074,Spain,Netherlands,3.4983766666666667
7077,Spain,New Zealand,0.058476666666666656
7086,Spain,Norway,0.5136533333333334
7098,Spain,Poland,1.0635933333333334
7099,Spain,Portugal,8.29882
7102,Spain,Romania,0.33042666666666665
7103,Spain,Russian Federation,0.7723296296296297
7118,Spain,Slovak Republic,0.23450384615384617
7119,Spain,Slovenia,0.20653333333333335
7122,Spain,South Africa,0.3535433333333334
7135,Spain,Sweden,0.92604
7136,Spain,Switzerland,1.4044766666666666
7146,Spain,Turkey,1.3914333333333333
7153,Spain,United Kingdom,7.864603333333332
7154,Spain,United States,4.438413333333333
7180,Belgium,Argentina,0.12317499999999999
7183,Belgium,Australia,0.461175
7184,Belgium,Austria,1.0144350000000002
7200,Belgium,Brazil,0.6076650000000001
7204,Belgium,Bulgaria,0.12146000000000001
7210,Belgium,Canada,0.612255
7215,Belgium,Chile,0.09281500000000001
7216,Belgium,China,1.427895
7219,Belgium,Colombia,0.071195
7230,Belgium,Czech Republic,0.7247199999999999
7231,Belgium,Denmark,0.7783599999999999
7242,Belgium,Estonia,0.06861000000000002
7249,Belgium,Finland,0.5832750000000001
7252,Belgium,France,16.484095
7257,Belgium,Germany,18.197035
7260,Belgium,Greece,0.5545800000000001
7273,Belgium,Hungary,0.5122950000000001
7274,Belgium,Iceland,0.024100000000000003
7275,Belgium,India,1.93426
7276,Belgium,Indonesia,0.11785000000000004
7279,Belgium,Ireland,0.6392
7280,Belgium,Israel,0.9223950000000001
7281,Belgium,Italy,5.010455
7283,Belgium,Japan,0.9564250000000001
7289,Belgium,"Korea, Rep.",0.367495
7294,Belgium,Latvia,0.062905
7299,Belgium,Lithuania,0.15707
7300,Belgium,Luxembourg,1.7803350000000002
7312,Belgium,Mexico,0.28859500000000005
7325,Belgium,Netherlands,11.99681
7328,Belgium,New Zealand,0.05991
7337,Belgium,Norway,0.43813500000000005
7349,Belgium,Poland,1.4243899999999998
7350,Belgium,Portugal,0.6080750000000001
7352,Belgium,Romania,0.29166
7353,Belgium,Russian Federation,0.9212100000000001
7368,Belgium,Slovak Republic,0.22685499999999997
7369,Belgium,Slovenia,0.134635
7372,Belgium,South Africa,0.36893499999999996
7376,Belgium,Spain,3.19935
7385,Belgium,Sweden,1.4708549999999998
7386,Belgium,Switzerland,1.3863800000000002
7396,Belgium,Turkey,1.09763
7403,Belgium,United Kingdom,8.31053
7404,Belgium,United States,5.768185000000001
7426,United States,Argentina,0.6093535714285715
7429,United States,Australia,1.7504071428571426
7430,United States,Austria,0.2732357142857143
7437,United States,Belgium,2.02516
7446,United States,Brazil,2.1016464285714287
7450,United States,Bulgaria,0.02126785714285714
7455,United States,Canada,20.93405357142857
7460,United States,Chile,0.7092642857142859
7461,United States,China,4.582174999999999
7464,United States,Colombia,0.773517857142857
7475,United States,Czech Republic,0.10437692307692308
7477,United States,Denmark,0.2155357142857143
7488,United States,Estonia,0.015722222222222224
7496,United States,Finland,0.206075
7499,United States,France,2.481760714285714
7505,United States,Germany,3.795210714285715
7508,United States,Greece,0.14836071428571432
7521,United States,Hungary,0.0962
7522,United States,Iceland,0.033721428571428576
7523,United States,India,0.9891250000000001
7524,United States,Indonesia,0.45754642857142863
7527,United States,Ireland,0.7192714285714283
7528,United States,Israel,0.9671964285714284
7529,United States,Italy,1.320832142857143
7531,United States,Japan,6.962421428571429
7537,United States,"Korea, Rep.",3.180064285714285
7542,United States,Latvia,0.023914814814814812
7547,United States,Lithuania,0.03178148148148149
7548,United States,Luxembourg,0.08803499999999999
7561,United States,Mexico,12.539832142857145
7574,United States,Netherlands,2.8359357142857142
7577,United States,New Zealand,0.25498571428571426
7585,United States,Norway,0.2528821428571429
7598,United States,Poland,0.18459642857142855
7599,United States,Portugal,0.12991428571428573
7602,United States,Romania,0.053657142857142855
7603,United States,Russian Federation,0.4961925925925926
7617,United States,Slovak Republic,0.020749999999999994
7618,United States,Slovenia,0.021122222222222226
7621,United States,South Africa,0.4360142857142858
7625,United States,Spain,0.8245714285714286
7634,United States,Sweden,0.4347964285714286
7635,United States,Switzerland,1.3588964285714284
7645,United States,Turkey,0.5983928571428571
7652,United States,United Kingdom,4.518760714285715
7675,Canada,Argentina,0.06043666666666668
7678,Canada,Australia,0.4032733333333335
7679,Canada,Austria,0.08523333333333334
7686,Canada,Belgium,0.565375
7697,Canada,Brazil,0.4005000000000001
7701,Canada,Bulgaria,0.01626
7710,Canada,Chile,0.13198000000000001
7711,Canada,China,2.145653333333333
7714,Canada,Colombia,0.13812333333333335
7725,Canada,Czech Republic,0.029792307692307694
7727,Canada,Denmark,0.08113333333333332
7738,Canada,Estonia,0.00486923076923077
7746,Canada,Finland,0.09806666666666666
7749,Canada,France,0.6599933333333333
7755,Canada,Germany,0.94111
7758,Canada,Greece,0.037680000000000005
7771,Canada,Hungary,0.025336666666666667
7772,Canada,Iceland,0.013116666666666667
7773,Canada,India,0.3623633333333333
7774,Canada,Indonesia,0.2507966666666667
7777,Canada,Ireland,0.09581333333333333
7778,Canada,Israel,0.08658000000000002
7779,Canada,Italy,0.51975
7781,Canada,Japan,2.962553333333333
7787,Canada,"Korea, Rep.",0.8332633333333331
7792,Canada,Latvia,0.018134615384615384
7797,Canada,Lithuania,0.007965384615384615
7798,Canada,Luxembourg,0.0274
7809,Canada,Mexico,0.8284466666666668
7821,Canada,Netherlands,0.7032933333333334
7824,Canada,New Zealand,0.08164666666666666
7832,Canada,Norway,0.38711
7842,Canada,Poland,0.06246333333333333
7843,Canada,Portugal,0.051866666666666686
7846,Canada,Romania,0.02391333333333333
7847,Canada,Russian Federation,0.1879740740740741
7860,Canada,Slovak Republic,0.008016
7861,Canada,Slovenia,0.012025000000000001
7864,Canada,South Africa,0.10499333333333334
7868,Canada,Spain,0.24433333333333337
7877,Canada,Sweden,0.11466666666666667
7878,Canada,Switzerland,0.3031666666666667
7888,Canada,Turkey,0.1389433333333333
7894,Canada,United Kingdom,2.406403333333334
7895,Canada,United States,79.43409666666666
7921,Portugal,Argentina,0.13452258064516126
7924,Portugal,Australia,0.2730774193548387
7925,Portugal,Austria,0.7978387096774193
7932,Portugal,Belgium,3.3211500000000003
7943,Portugal,Brazil,0.8258451612903227
7947,Portugal,Bulgaria,0.07895806451612904
7953,Portugal,Canada,0.5737935483870968
7958,Portugal,Chile,0.15973548387096775
7959,Portugal,China,0.5919161290322579
7962,Portugal,Colombia,0.03840645161290323
7973,Portugal,Czech Republic,0.36560000000000004
7975,Portugal,Denmark,1.2391451612903228
7986,Portugal,Estonia,0.02935555555555556
7994,Portugal,Finland,0.7410838709677419
7997,Portugal,France,13.241993548387097
8005,Portugal,Germany,15.35374516129032
8008,Portugal,Greece,0.3893225806451614
8022,Portugal,Hungary,0.2759903225806452
8023,Portugal,Iceland,0.0369
8024,Portugal,India,0.1205516129032258
8025,Portugal,Indonesia,0.017519354838709682
8028,Portugal,Ireland,0.4685774193548387
8029,Portugal,Israel,0.2967709677419355
8030,Portugal,Italy,3.8418225806451614
8032,Portugal,Japan,0.5109193548387096
8038,Portugal,"Korea, Rep.",0.13220645161290326
8043,Portugal,Latvia,0.028385185185185183
8048,Portugal,Lithuania,0.044448148148148146
8049,Portugal,Luxembourg,0.146385
8062,Portugal,Mexico,0.3065677419354838
8075,Portugal,Netherlands,4.3841806451612895
8078,Portugal,New Zealand,0.04240645161290324
8087,Portugal,Norway,0.7011612903225807
8099,Portugal,Poland,0.5256032258064516
8102,Portugal,Romania,0.27047096774193546
8103,Portugal,Russian Federation,0.28538888888888886
8118,Portugal,Slovak Republic,0.16088846153846154
8119,Portugal,Slovenia,0.05277777777777778
8122,Portugal,South Africa,0.2513870967741936
8127,Portugal,Spain,20.698803225806458
8136,Portugal,Sweden,1.7976193548387098
8137,Portugal,Switzerland,1.2391290322580644
8147,Portugal,Turkey,0.4707870967741935
8154,Portugal,United Kingdom,8.96252258064516
8155,Portugal,United States,4.756296774193548
8180,Israel,Argentina,0.24150416666666663
8183,Israel,Australia,0.9398500000000002
8184,Israel,Austria,0.23452499999999998
8191,Israel,Belgium,5.69723
8200,Israel,Brazil,1.2901666666666667
8204,Israel,Bulgaria,0.09900833333333335
8210,Israel,Canada,1.0260166666666668
8215,Israel,Chile,0.21185416666666668
8216,Israel,China,2.6621833333333336
8218,Israel,Colombia,0.22954583333333334
8229,Israel,Czech Republic,0.20991666666666667
8230,Israel,Denmark,0.20656666666666665
8241,Israel,Estonia,0.019787500000000003
8248,Israel,Finland,0.21922916666666667
8250,Israel,France,2.4908
8255,Israel,Germany,3.5178250000000006
8258,Israel,Greece,0.6157874999999999
8272,Israel,Hungary,0.22518333333333337
8273,Israel,Iceland,0.008654166666666668
8274,Israel,India,2.8730249999999997
8275,Israel,Indonesia,0.050695833333333336
8278,Israel,Ireland,0.346125
8279,Israel,Italy,2.2330416666666664
8281,Israel,Japan,2.2801041666666673
8287,Israel,"Korea, Rep.",1.2725625
8292,Israel,Latvia,0.06315
8297,Israel,Lithuania,0.039870833333333335
8298,Israel,Luxembourg,0.023565
8311,Israel,Mexico,0.5573291666666665
8323,Israel,Netherlands,3.464491666666667
8326,Israel,New Zealand,0.10732916666666666
8335,Israel,Norway,0.13716250000000002
8345,Israel,Poland,0.3943666666666667
8346,Israel,Portugal,0.2022666666666667
8349,Israel,Romania,0.3651791666666666
8350,Israel,Russian Federation,1.0820541666666665
8362,Israel,Slovak Republic,0.039004166666666666
8363,Israel,Slovenia,0.23997083333333336
8366,Israel,South Africa,0.6608916666666665
8369,Israel,Spain,1.6290125000000002
8377,Israel,Sweden,0.3385125
8378,Israel,Switzerland,1.8564041666666666
8387,Israel,Turkey,2.048291666666666
8394,Israel,United Kingdom,5.06455
8395,Israel,United States,32.70656666666666
8417,France,Argentina,0.274112
8420,France,Australia,0.584916
8421,France,Austria,0.9563159999999999
8428,France,Belgium,7.303765
8439,France,Brazil,0.7765639999999999
8443,France,Bulgaria,0.1331
8449,France,Canada,0.7346399999999998
8454,France,Chile,0.17134
8455,France,China,2.229068
8458,France,Colombia,0.1379
8469,France,Czech Republic,0.688964
8470,France,Denmark,0.7203039999999998
8481,France,Estonia,0.048864
8488,France,Finland,0.45718000000000003
8496,France,Germany,15.622319999999997
8499,France,Greece,0.7411639999999999
8512,France,Hungary,0.5842439999999999
8513,France,Iceland,0.023012
8514,France,India,0.5813519999999999
8515,France,Indonesia,0.268972
8518,France,Ireland,0.661572
8519,France,Israel,0.33358000000000004
8520,France,Italy,8.538136
8522,France,Japan,1.593964
8528,France,"Korea, Rep.",0.8019999999999999
8533,France,Latvia,0.048172000000000006
8538,France,Lithuania,0.088728
8539,France,Luxembourg,0.499945
8552,France,Mexico,0.49952799999999997
8565,France,Netherlands,4.185188
8569,France,New Zealand,0.09079999999999998
8578,France,Norway,0.3981760000000001
8590,France,Poland,1.340508
8591,France,Portugal,1.241508
8594,France,Romania,0.5252800000000001
8595,France,Russian Federation,1.1126360000000002
8610,France,Slovak Republic,0.33117599999999997
8611,France,Slovenia,0.27950800000000003
8614,France,South Africa,0.4096840000000001
8618,France,Spain,8.382131999999999
8626,France,Sweden,1.299416
8627,France,Switzerland,3.2623559999999996
8637,France,Turkey,1.2228839999999999
8644,France,United Kingdom,8.417536
8645,France,United States,6.906912
8669,Poland,Argentina,0.069964
8672,Poland,Australia,0.16375599999999998
8673,Poland,Austria,1.9146720000000002
8680,Poland,Belgium,2.5963450000000003
8691,Poland,Brazil,0.264076
8695,Poland,Bulgaria,0.328816
8701,Poland,Canada,0.456544
8706,Poland,Chile,0.04580799999999999
8707,Poland,China,0.681128
8710,Poland,Colombia,0.030664000000000004
8721,Poland,Czech Republic,4.94958
8722,Poland,Denmark,2.230652
8733,Poland,Estonia,0.40364
8740,Poland,Finland,0.887708
8743,Poland,France,5.552128
8749,Poland,Germany,29.977751999999995
8752,Poland,Greece,0.40392800000000006
8766,Poland,Hungary,2.3088879999999996
8767,Poland,Iceland,0.07546400000000002
8768,Poland,India,0.23029600000000003
8769,Poland,Indonesia,0.063112
8772,Poland,Ireland,0.32601199999999997
8773,Poland,Israel,0.18559599999999998
8774,Poland,Italy,5.571308000000001
8776,Poland,Japan,0.231288
8782,Poland,"Korea, Rep.",0.20754800000000004
8787,Poland,Latvia,0.6169520000000001
8792,Poland,Lithuania,1.4651639999999997
8793,Poland,Luxembourg,0.11897500000000001
8806,Poland,Mexico,0.17755599999999996
8819,Poland,Netherlands,4.52552
8822,Poland,New Zealand,0.030136000000000003
8831,Poland,Norway,1.468496
8843,Poland,Portugal,0.39895600000000003
8846,Poland,Romania,1.081988
8847,Poland,Russian Federation,4.319024000000001
8862,Poland,Slovak Republic,1.9233719999999999
8863,Poland,Slovenia,0.316204
8866,Poland,South Africa,0.177772
8870,Poland,Spain,2.0905080000000003
8879,Poland,Sweden,2.8377559999999993
8880,Poland,Switzerland,0.825844
8890,Poland,Turkey,0.9814839999999998
8897,Poland,United Kingdom,5.4881160000000015
8898,Poland,United States,2.3547879999999997
8921,Colombia,Argentina,0.4948035714285715
8924,Colombia,Australia,0.09722857142857144
8925,Colombia,Austria,0.04912499999999999
8932,Colombia,Belgium,1.409435
8943,Colombia,Brazil,1.710703571428572
8947,Colombia,Bulgaria,0.0063185185185185185
8952,Colombia,Canada,1.1497571428571427
8957,Colombia,Chile,1.9066321428571427
8958,Colombia,China,2.536621428571429
8971,Colombia,Czech Republic,0.023553846153846154
8973,Colombia,Denmark,0.5137071428571429
8984,Colombia,Estonia,0.007611538461538463
8990,Colombia,Finland,0.3535142857142857
8992,Colombia,France,1.253064285714286
8999,Colombia,Germany,3.3711821428571427
9002,Colombia,Greece,0.05558928571428571
9015,Colombia,Hungary,0.027396428571428575
9016,Colombia,Iceland,0.0022142857142857146
9017,Colombia,India,0.7620642857142857
9018,Colombia,Indonesia,0.02995357142857143
9021,Colombia,Ireland,0.3041535714285714
9022,Colombia,Israel,0.6540464285714286
9023,Colombia,Italy,1.5900678571428573
9025,Colombia,Japan,1.8505107142857138
9031,Colombia,"Korea, Rep.",0.5571964285714286
9036,Colombia,Latvia,0.0023043478260869566
9040,Colombia,Lithuania,0.008303846153846153
9041,Colombia,Luxembourg,0.0039
9053,Colombia,Mexico,1.9007321428571429
9066,Colombia,Netherlands,3.002807142857143
9069,Colombia,New Zealand,0.02284285714285714
9078,Colombia,Norway,0.15254285714285712
9091,Colombia,Poland,0.12161785714285712
9092,Colombia,Portugal,0.5927714285714286
9095,Colombia,Romania,0.02742857142857143
9096,Colombia,Russian Federation,0.27801111111111115
9109,Colombia,Slovak Republic,0.006488461538461538
9110,Colombia,Slovenia,0.062312000000000006
9113,Colombia,South Africa,0.10655714285714288
9116,Colombia,Spain,2.310992857142857
9125,Colombia,Sweden,0.3625428571428571
9126,Colombia,Switzerland,1.1047285714285715
9136,Colombia,Turkey,0.7867607142857144
9143,Colombia,United Kingdom,1.8340107142857147
9144,Colombia,United States,38.38868214285714
9168,Norway,Argentina,0.050157692307692306
9171,Norway,Australia,0.21293076923076926
9172,Norway,Austria,0.3409884615384616
9179,Norway,Belgium,3.3994799999999996
9189,Norway,Brazil,0.46331923076923087
9192,Norway,Bulgaria,0.015161538461538464
9197,Norway,Canada,2.7146923076923084
9202,Norway,Chile,0.07851153846153845
9203,Norway,China,1.354576923076923
9205,Norway,Colombia,0.02345384615384615
9216,Norway,Czech Republic,0.4504961538461538
9217,Norway,Denmark,4.140819230769231
9228,Norway,Estonia,0.11215769230769232
9235,Norway,Finland,1.7717730769230768
9238,Norway,France,7.897326923076922
9244,Norway,Germany,12.939196153846154
9247,Norway,Greece,0.24828846153846154
9260,Norway,Hungary,0.059611538461538466
9261,Norway,Iceland,0.3972269230769231
9262,Norway,India,0.21407692307692303
9263,Norway,Indonesia,0.08728076923076925
9266,Norway,Ireland,1.2273115384615385
9267,Norway,Israel,0.13428461538461536
9268,Norway,Italy,2.3390769230769233
9270,Norway,Japan,1.428984615384615
9276,Norway,"Korea, Rep.",1.0455692307692308
9281,Norway,Latvia,0.10982307692307693
9286,Norway,Lithuania,0.20694999999999997
9287,Norway,Luxembourg,0.03834
9300,Norway,Mexico,0.09472307692307692
9313,Norway,Netherlands,10.618046153846155
9316,Norway,New Zealand,0.03488846153846154
9335,Norway,Poland,1.2247153846153844
9336,Norway,Portugal,0.6883384615384617
9339,Norway,Romania,0.07953461538461538
9340,Norway,Russian Federation,0.5675692307692308
9355,Norway,Slovak Republic,0.03641923076923077
9356,Norway,Slovenia,0.028484615384615386
9359,Norway,South Africa,0.09102692307692309
9362,Norway,Spain,1.852230769230769
9370,Norway,Sweden,7.379569230769231
9371,Norway,Switzerland,0.45622692307692314
9381,Norway,Turkey,0.4325923076923078
9388,Norway,United Kingdom,22.441369230769226
9389,Norway,United States,6.041565384615383
9410,China,Argentina,0.27275555555555553
9413,China,Australia,1.4750296296296297
9414,China,Austria,0.11724444444444446
9421,China,Belgium,0.8770900000000001
9431,China,Brazil,0.8683666666666665
9434,China,Bulgaria,0.04754444444444445
9439,China,Canada,1.300677777777778
9444,China,Chile,0.39899999999999997
9445,China,Colombia,0.1638925925925926
9456,China,Czech Republic,0.2661384615384615
9458,China,Denmark,0.29154074074074077
9469,China,Estonia,0.033851851851851855
9476,China,Finland,0.2757592592592593
9478,China,France,1.4040481481481482
9484,China,Germany,3.7123814814814815
9487,China,Greece,0.2018148148148148
9499,China,Hungary,0.3059407407407407
9500,China,Iceland,0.005725925925925924
9501,China,India,1.4941555555555557
9502,China,Indonesia,1.1801185185185186
9505,China,Ireland,0.16988148148148147
9506,China,Israel,0.2632740740740741
9507,China,Italy,1.4558777777777776
9509,China,Japan,11.786207407407407
9515,China,"Korea, Rep.",4.34952962962963
9520,China,Latvia,0.031818518518518524
9525,China,Lithuania,0.041322222222222225
9526,China,Luxembourg,0.103895
9539,China,Mexico,0.8474370370370371
9552,China,Netherlands,2.7451481481481483
9555,China,New Zealand,0.1774074074074074
9562,China,Norway,0.1675814814814815
9573,China,Poland,0.47200740740740743
9574,China,Portugal,0.11791851851851852
9577,China,Romania,0.15559259259259262
9578,China,Russian Federation,1.6753592592592588
9591,China,Slovak Republic,0.07005384615384616
9592,China,Slovenia,0.05518846153846153
9595,China,South Africa,0.5230444444444444
9598,China,Spain,0.9246777777777778
9606,China,Sweden,0.323562962962963
9607,China,Switzerland,0.23506296296296295
9616,China,Turkey,0.5420111111111111
9623,China,United Kingdom,2.3480185185185185
9624,China,United States,18.673348148148147
9646,New Zealand,Argentina,0.10432333333333331
9649,New Zealand,Australia,20.122470000000003
9650,New Zealand,Austria,0.05334666666666667
9657,New Zealand,Belgium,1.1975799999999999
9666,New Zealand,Brazil,0.23641333333333334
9670,New Zealand,Bulgaria,0.010943333333333331
9676,New Zealand,Canada,1.4713266666666664
9681,New Zealand,Chile,0.21885666666666664
9682,New Zealand,China,8.022686666666667
9685,New Zealand,Colombia,0.03159666666666667
9696,New Zealand,Czech Republic,0.019996153846153848
9698,New Zealand,Denmark,0.3145966666666667
9709,New Zealand,Estonia,0.007903846153846154
9717,New Zealand,Finland,0.055119999999999995
9720,New Zealand,France,1.0869366666666667
9727,New Zealand,Germany,2.1471199999999997
9730,New Zealand,Greece,0.2225833333333333
9743,New Zealand,Hungary,0.010893333333333333
9744,New Zealand,Iceland,0.004239999999999999
9745,New Zealand,India,0.9757733333333333
9746,New Zealand,Indonesia,1.5792100000000002
9749,New Zealand,Ireland,0.11470999999999999
9750,New Zealand,Israel,0.044463333333333334
9751,New Zealand,Italy,1.2731333333333335
9753,New Zealand,Japan,10.976006666666667
9759,New Zealand,"Korea, Rep.",3.8132366666666666
9764,New Zealand,Latvia,0.04058
9769,New Zealand,Lithuania,0.036168000000000006
9770,New Zealand,Luxembourg,0.00207
9783,New Zealand,Mexico,1.0344100000000003
9797,New Zealand,Netherlands,1.0146733333333333
9808,New Zealand,Norway,0.07835666666666666
9821,New Zealand,Poland,0.04557333333333333
9822,New Zealand,Portugal,0.11678000000000002
9825,New Zealand,Romania,0.012620689655172414
9826,New Zealand,Russian Federation,0.5046777777777778
9840,New Zealand,Slovak Republic,0.0024000000000000002
9841,New Zealand,Slovenia,0.006607407407407407
9844,New Zealand,South Africa,0.3885533333333333
9849,New Zealand,Spain,0.5210233333333333
9857,New Zealand,Sweden,0.18622333333333332
9858,New Zealand,Switzerland,0.2555666666666667
9868,New Zealand,Turkey,0.24887
9875,New Zealand,United Kingdom,4.805266666666666
9876,New Zealand,United States,11.642323333333334
9902,Greece,Argentina,0.05432
9905,Greece,Australia,0.50897
9906,Greece,Austria,0.9884166666666666
9913,Greece,Belgium,1.317395
9923,Greece,Brazil,0.24323000000000003
9927,Greece,Bulgaria,4.43037
9933,Greece,Canada,0.52564
9938,Greece,Chile,0.04304333333333332
9939,Greece,China,0.7485900000000001
9942,Greece,Colombia,0.01913333333333334
9953,Greece,Czech Republic,0.5388692307692308
9955,Greece,Denmark,0.7067166666666668
9966,Greece,Estonia,0.03289259259259259
9974,Greece,Finland,0.6168866666666667
9977,Greece,France,4.41312
9984,Greece,Germany,13.676276666666668
10000,Greece,Hungary,0.43649999999999994
10001,Greece,Iceland,0.014059999999999998
10002,Greece,India,0.27303000000000005
10003,Greece,Indonesia,0.21170333333333333
10006,Greece,Ireland,0.27155
10007,Greece,Israel,1.056123333333333
10008,Greece,Italy,11.694766666666665
10010,Greece,Japan,0.5595800000000001
10016,Greece,"Korea, Rep.",0.36531
10021,Greece,Latvia,0.05358148148148149
10026,Greece,Lithuania,0.09336296296296297
10027,Greece,Luxembourg,0.036355000000000005
10040,Greece,Mexico,0.2564633333333334
10054,Greece,Netherlands,2.4392533333333333
10058,Greece,New Zealand,0.04628666666666666
10066,Greece,Norway,0.2890166666666666
10078,Greece,Poland,0.9935266666666667
10079,Greece,Portugal,0.5329866666666666
10082,Greece,Romania,2.3659600000000003
10083,Greece,Russian Federation,1.982174074074074
10098,Greece,Slovak Republic,0.2055346153846154
10099,Greece,Slovenia,0.49974444444444444
10102,Greece,South Africa,0.14882333333333334
10107,Greece,Spain,2.6131900000000003
10116,Greece,Sweden,0.9882766666666666
10117,Greece,Switzerland,0.8920933333333332
10127,Greece,Turkey,4.6808966666666665
10134,Greece,United Kingdom,5.677773333333334
10135,Greece,United States,4.7187366666666675
10161,India,Argentina,0.1607225806451613
10164,India,Australia,1.0097193548387098
10165,India,Austria,0.2149709677419355
10172,India,Belgium,2.547855
10181,India,Brazil,0.8441258064516128
10184,India,Bulgaria,0.04123225806451613
10189,India,Canada,0.9761999999999998
10194,India,Chile,0.16588709677419353
10195,India,China,3.345167741935484
10198,India,Colombia,0.19288064516129033
10209,India,Czech Republic,0.1224153846153846
10211,India,Denmark,0.3662129032258065
10222,India,Estonia,0.017766666666666667
10230,India,Finland,0.1567483870967742
10233,India,France,2.049464516129032
10240,India,Germany,4.149439285714285
10243,India,Greece,0.25084193548387096
10257,India,Hungary,0.1359483870967742
10258,India,Iceland,0.009596774193548388
10259,India,Indonesia,1.2915548387096774
10262,India,Ireland,0.17758709677419354
10263,India,Israel,0.9479645161290324
10264,India,Italy,2.5032774193548386
10266,India,Japan,4.331945161290323
10272,India,"Korea, Rep.",1.3554387096774194
10277,India,Latvia,0.026807407407407405
10282,India,Lithuania,0.02560370370370371
10283,India,Luxembourg,0.008579999999999999
10295,India,Mexico,0.4731322580645162
10308,India,Netherlands,2.3822645161290317
10312,India,New Zealand,0.14520645161290321
10321,India,Norway,0.15324516129032253
10334,India,Poland,0.3161774193548387
10335,India,Portugal,0.25400322580645157
10338,India,Romania,0.11727741935483872
10339,India,Russian Federation,1.4515296296296296
10353,India,Slovak Republic,0.02633461538461538
10354,India,Slovenia,0.061580769230769224
10357,India,South Africa,1.0051774193548386
10361,India,Spain,1.2490709677419356
10369,India,Sweden,0.35990645161290324
10370,India,Switzerland,0.7245967741935483
10380,India,Turkey,0.8657967741935485
10387,India,United Kingdom,4.707374193548388
10388,India,United States,16.524116129032254
10414,Indonesia,Argentina,0.11925000000000002
10417,Indonesia,Australia,2.49003
10418,Indonesia,Austria,0.04478000000000001
10425,Indonesia,Belgium,1.00238
10435,Indonesia,Brazil,0.5040233333333334
10439,Indonesia,Bulgaria,0.06427333333333334
10444,Indonesia,Canada,0.59496
10449,Indonesia,Chile,0.11336333333333333
10450,Indonesia,China,7.168776666666667
10453,Indonesia,Colombia,0.06247333333333334
10464,Indonesia,Czech Republic,0.050973076923076927
10466,Indonesia,Denmark,0.18308333333333335
10477,Indonesia,Estonia,0.01794090909090909
10485,Indonesia,Finland,0.12210000000000003
10487,Indonesia,France,0.9177833333333335
10493,Indonesia,Germany,2.26827
10496,Indonesia,Greece,0.12597
10508,Indonesia,Hungary,0.06086333333333333
10509,Indonesia,Iceland,0.0014318181818181819
10510,Indonesia,India,3.573606666666666
10513,Indonesia,Ireland,0.07984333333333332
10514,Indonesia,Israel,0.044894736842105265
10515,Indonesia,Italy,1.3419533333333333
10517,Indonesia,Japan,22.001499999999997
10523,Indonesia,"Korea, Rep.",6.45124
10528,Indonesia,Latvia,0.01698181818181818
10533,Indonesia,Lithuania,0.013631818181818179
10534,Indonesia,Luxembourg,0.010875000000000001
10546,Indonesia,Mexico,0.36230666666666667
10559,Indonesia,Netherlands,2.7195033333333334
10562,Indonesia,New Zealand,0.24204666666666666
10571,Indonesia,Norway,0.05208000000000001
10583,Indonesia,Poland,0.18420999999999993
10584,Indonesia,Portugal,0.08505333333333336
10586,Indonesia,Romania,0.042946666666666675
10587,Indonesia,Russian Federation,0.33136666666666664
10602,Indonesia,Slovak Republic,0.024054545454545453
10603,Indonesia,Slovenia,0.052527272727272735
10606,Indonesia,South Africa,0.3587172413793103
10610,Indonesia,Spain,1.2547566666666665
10619,Indonesia,Sweden,0.13512000000000002
10620,Indonesia,Switzerland,0.23954333333333333
10630,Indonesia,Turkey,0.46687
10637,Indonesia,United Kingdom,1.7157799999999999
10638,Indonesia,United States,11.832469999999999
10663,Ireland,Argentina,0.0680962962962963
10666,Ireland,Australia,0.7758296296296299
10667,Ireland,Austria,0.4558518518518519
10674,Ireland,Belgium,12.450750000000003
10685,Ireland,Brazil,0.21820740740740743
10689,Ireland,Bulgaria,0.04237407407407408
10695,Ireland,Canada,0.6832962962962961
10700,Ireland,Chile,0.06084814814814815
10701,Ireland,China,1.1125296296296296
10704,Ireland,Colombia,0.03958148148148148
10715,Ireland,Czech Republic,0.33161923076923083
10717,Ireland,Denmark,0.7257074074074076
10728,Ireland,Estonia,0.024477777777777782
10736,Ireland,Finland,0.4208333333333333
10739,Ireland,France,6.398555555555554
10746,Ireland,Germany,9.51287777777778
10749,Ireland,Greece,0.3835888888888889
10763,Ireland,Hungary,0.20267037037037033
10764,Ireland,Iceland,0.04311851851851852
10765,Ireland,India,0.19811481481481488
10766,Ireland,Indonesia,0.06731851851851853
10769,Ireland,Ireland,0.003
10770,Ireland,Israel,0.37957407407407406
10771,Ireland,Italy,3.385388888888889
10773,Ireland,Japan,2.6455333333333333
10779,Ireland,"Korea, Rep.",0.561325925925926
10784,Ireland,Latvia,0.032296296296296295
10789,Ireland,Lithuania,0.022796296296296297
10790,Ireland,Luxembourg,0.11820499999999998
10803,Ireland,Mexico,0.6182407407407408
10817,Ireland,Netherlands,4.965418518518518
10820,Ireland,New Zealand,0.07586666666666667
10829,Ireland,Norway,0.6412555555555556
10841,Ireland,Poland,0.5631444444444443
10842,Ireland,Portugal,0.4076814814814815
10845,Ireland,Romania,0.1731407407407407
10846,Ireland,Russian Federation,0.4478703703703704
10861,Ireland,Slovak Republic,0.05166538461538462
10862,Ireland,Slovenia,0.03731481481481481
10865,Ireland,South Africa,0.35591111111111107
10869,Ireland,Spain,2.925888888888889
10878,Ireland,Sweden,1.2881037037037038
10879,Ireland,Switzerland,3.398925925925926
10889,Ireland,Turkey,0.4009592592592593
10896,Ireland,United Kingdom,19.171940740740737
10897,Ireland,United States,18.097088888888887
10920,Australia,Argentina,0.09334193548387096
10922,Australia,Austria,0.03428064516129032
10929,Australia,Belgium,0.596035
10938,Australia,Brazil,0.44317741935483873
10942,Australia,Bulgaria,0.02543548387096774
10948,Australia,Canada,0.8510387096774195
10953,Australia,Chile,0.1353935483870968
10954,Australia,China,13.732445161290324
10957,Australia,Colombia,0.021422580645161286
10968,Australia,Czech Republic,0.050138461538461535
10970,Australia,Denmark,0.10701935483870967
10981,Australia,Estonia,0.0016296296296296297
10988,Australia,Finland,0.24386774193548383
10991,Australia,France,0.9308870967741935
10997,Australia,Germany,1.1571419354838712
11000,Australia,Greece,0.05149354838709677
11011,Australia,Hungary,0.009548387096774193
11012,Australia,Iceland,0.011596774193548388
11013,Australia,India,3.2399903225806446
11014,Australia,Indonesia,2.24916129032258
11017,Australia,Ireland,0.07807096774193548
11018,Australia,Israel,0.11935806451612906
11019,Australia,Italy,1.1639806451612904
11021,Australia,Japan,19.379906451612907
11027,Australia,"Korea, Rep.",7.130648387096773
11032,Australia,Latvia,0.004944444444444445
11037,Australia,Lithuania,0.003729629629629629
11038,Australia,Luxembourg,0.0019375
11049,Australia,Mexico,0.2618322580645161
11062,Australia,Netherlands,1.127151612903226
11065,Australia,New Zealand,5.075683870967742
11074,Australia,Norway,0.05526129032258064
11087,Australia,Poland,0.0710258064516129
11088,Australia,Portugal,0.03760967741935484
11091,Australia,Romania,0.07421290322580644
11092,Australia,Russian Federation,0.20858148148148142
11104,Australia,Slovak Republic,0.0036961538461538464
11105,Australia,Slovenia,0.010203703703703703
11108,Australia,South Africa,0.7160000000000001
11112,Australia,Spain,0.4102322580645162
11121,Australia,Sweden,0.19770322580645164
11122,Australia,Switzerland,0.4209225806451613
11132,Australia,Turkey,0.28735483870967743
11139,Australia,United Kingdom,3.416390322580645
11140,Australia,United States,6.231229032258064
11165,"Korea, Rep.",Argentina,0.22591290322580646
11168,"Korea, Rep.",Australia,1.5783774193548386
11169,"Korea, Rep.",Austria,0.21313870967741938
11176,"Korea, Rep.",Belgium,0.539265
11186,"Korea, Rep.",Brazil,0.9818
11190,"Korea, Rep.",Bulgaria,0.033435714285714284
11195,"Korea, Rep.",Canada,1.3535516129032257
11200,"Korea, Rep.",Chile,0.4134677419354839
11201,"Korea, Rep.",China,15.978906666666667
11204,"Korea, Rep.",Colombia,0.18715483870967742
11215,"Korea, Rep.",Czech Republic,0.19833846153846155
11217,"Korea, Rep.",Denmark,0.22810645161290322
11228,"Korea, Rep.",Estonia,0.014092307692307692
11236,"Korea, Rep.",Finland,0.24285806451612907
11239,"Korea, Rep.",France,0.9935354838709677
11246,"Korea, Rep.",Germany,2.891812903225806
11249,"Korea, Rep.",Greece,0.43585483870967734
11263,"Korea, Rep.",Hungary,0.24424999999999994
11264,"Korea, Rep.",Iceland,0.011935483870967746
11265,"Korea, Rep.",India,1.543441935483871
11266,"Korea, Rep.",Indonesia,1.8666870967741938
11269,"Korea, Rep.",Ireland,0.17226451612903224
11270,"Korea, Rep.",Israel,0.25619655172413797
11271,"Korea, Rep.",Italy,0.9753677419354838
11273,"Korea, Rep.",Japan,10.159483870967742
11283,"Korea, Rep.",Latvia,0.015519230769230773
11288,"Korea, Rep.",Lithuania,0.02763461538461539
11289,"Korea, Rep.",Luxembourg,0.01897
11302,"Korea, Rep.",Mexico,1.447893548387097
11315,"Korea, Rep.",Netherlands,1.2095806451612903
11319,"Korea, Rep.",New Zealand,0.21052999999999997
11328,"Korea, Rep.",Norway,0.3447161290322581
11341,"Korea, Rep.",Poland,0.5722607142857142
11342,"Korea, Rep.",Portugal,0.14228709677419352
11345,"Korea, Rep.",Romania,0.1276142857142857
11346,"Korea, Rep.",Russian Federation,1.2305666666666666
11361,"Korea, Rep.",Slovak Republic,0.37434999999999996
11362,"Korea, Rep.",Slovenia,0.13319999999999999
11365,"Korea, Rep.",South Africa,0.3178387096774194
11370,"Korea, Rep.",Spain,0.7091354838709676
11378,"Korea, Rep.",Sweden,0.3082290322580646
11379,"Korea, Rep.",Switzerland,0.4316774193548387
11389,"Korea, Rep.",Turkey,0.7460548387096775
11396,"Korea, Rep.",United Kingdom,2.016329032258065
11397,"Korea, Rep.",United States,17.66053870967742
