Country,1999-Q1,1999-Q2,1999-Q3,1999-Q4,2000-Q1,2000-Q2,2000-Q3,2000-Q4,2001-Q1,2001-Q2,2001-Q3,2001-Q4,2002-Q1,2002-Q2,2002-Q3,2002-Q4,2003-Q1,2003-Q2,2003-Q3,2003-Q4,2004-Q1,2004-Q2,2004-Q3,2004-Q4,2005-Q1,2005-Q2,2005-Q3,2005-Q4,2006-Q1,2006-Q2,2006-Q3,2006-Q4,2007-Q1,2007-Q2,2007-Q3,2007-Q4,2008-Q1,2008-Q2,2008-Q3,2008-Q4,2009-Q1,2009-Q2,2009-Q3,2009-Q4,2010-Q1,2010-Q2,2010-Q3,2010-Q4,2011-Q1,2011-Q2,2011-Q3,2011-Q4,2012-Q1,2012-Q2,2012-Q3,2012-Q4,2013-Q1,2013-Q2,2013-Q3,2013-Q4,2014-Q1,2014-Q2,2014-Q3,2014-Q4,2015-Q1,2015-Q2,2015-Q3,2015-Q4,2016-Q1,2016-Q2,2016-Q3,2016-Q4,2017-Q1,2017-Q2,2017-Q3,2017-Q4,2018-Q1,2018-Q2,2018-Q3,2018-Q4,2019-Q1,2019-Q2,2019-Q3,2019-Q4
Argentina,-2.176492064,-5.140582449,-5.124917266,-1.014421187,-0.106447324,-0.59039067,-0.557525176,-1.893523605,-1.397726021,-0.616979289,-4.991747166,-10.67644304,-15.21974382,-14.14787106,-9.897878081,-3.483175649,5.274229353,8.146920201,10.70716572,11.64683959,11.17023883,6.532382762,9.236226466,8.773201036,8.397313698,11.94212494,7.334243679,7.878575042,7.57641215,6.647839627,8.850391109,9.070957796,8.773553556,9.820143157,8.24667713,9.199109391,7.686809159,6.029256796,5.420914509,-2.55540381,-6.96505636,-9.52141503,-6.722446967,-0.236996261,6.69094716,13.96236181,10.24271575,9.701261586,9.022423873,5.278638204,5.607105375,4.272333179,0.735630529,-3.661014176,-1.381971486,0.209608986,1.293796941,5.446657801,2.873164429,0.14475302,-1.337824149,-2.442575096,-3.852220552,-2.403130412,0.562409542,3.503821555,4.279632628,2.604908132,0.241692725,-3.688178045,-3.270413478,-1.547616059,0.308066259,2.851792371,3.824630528,4.314798724,3.14760131,-2.841412139,-4.175373008,-6.237631186,-5.985322392,-1.352170763,-0.450371189,-0.334088754
Australia,5.326421284,4.649523246,3.868773525,4.024807415,3.615974069,4.221488575,3.217332759,1.108088358,1.75660529,1.666696427,2.692173343,4.326886953,4.050421299,4.923739471,4.038083073,3.547592754,2.879735309,1.526955229,2.859135053,3.858943701,4.57621006,4.914594737,3.985261635,3.032148814,3.019603376,2.800442539,3.10825395,3.18124557,2.592042062,2.306817417,2.738358497,3.18065509,4.502891765,4.940544321,4.543968906,3.740529477,3.375881568,3.000418623,2.659647878,1.6523367,1.55204376,1.892520328,1.418145902,2.657668089,2.118805938,2.077431539,2.474172142,2.765036362,1.973306257,2.639371803,3.305658584,3.43255109,4.679139481,4.247935211,3.456955436,2.855265984,2.177542699,1.875936291,2.091860049,2.361605125,2.785249862,2.887799644,2.556348047,2.106500924,2.262158716,1.852281992,2.455353983,2.651308615,2.682229877,3.288134094,2.333190574,2.780646062,2.199276366,2.161957567,2.981790199,2.436992386,3.074339856,3.265167504,2.558757918,2.181996895,1.699904112,1.557471399,1.824480074,2.279479365
Austria,2.786130962,2.984391355,3.762786753,3.971240247,4.305731197,3.726557272,2.835723124,3.86766883,2.292867475,1.463225705,1.122795118,0.062326617,1.244557393,2.116868929,2.338155194,1.22598062,1.297173133,0.746494332,0.626061517,1.28781039,1.685629723,2.210182661,2.915156542,3.128822458,2.030679494,2.444832664,2.296101157,2.915438603,3.823788688,3.148211762,3.577448683,3.721398332,3.52624929,4.348247247,3.573433942,3.353094864,2.975023993,2.775305385,1.705437776,-1.421500963,-3.625779021,-5.342942324,-4.319595343,-1.719047465,-0.258035537,1.854291239,2.284028901,3.019534526,4.301606578,3.244992882,3.071750768,1.887020109,1.632411863,0.994203151,0.163443584,0.188487469,-0.87300855,-0.262770863,0.262762677,0.74156147,0.825541973,1.305695549,0.734507553,0.3882939,1.047949711,0.469461502,1.116373267,1.118811447,1.91457758,1.663715966,1.68334745,2.677005765,2.230721764,2.888648966,2.757890253,2.1194045,2.585593857,2.482768746,2.297360172,2.701434749,2.334226768,1.564396021,1.647826781,0.249999277
Belgium,1.904799309,2.956680585,4.147585346,5.145646191,4.798242571,4.127696246,3.112976565,2.902469136,2.233500049,1.521366065,0.860147315,-0.215954218,0.585145927,1.42783499,2.16566171,2.649962126,1.506806857,0.86047941,0.733625686,1.056515373,2.842043453,3.609431397,4.087253884,3.736801233,2.742948498,2.374112111,1.890494825,2.307236791,2.397412528,2.148910077,2.642265239,3.017495577,3.839182017,3.944579043,3.832958079,3.083887246,2.082244476,1.682569743,0.31390366,-2.258376355,-3.625919024,-3.641015145,-1.849735973,1.131078891,2.654143247,3.616108409,2.749811226,2.447017697,2.409563732,1.620424939,1.488149917,1.272481695,1.003608138,0.79376286,0.750261485,0.411142977,-0.079050592,0.505328464,0.571981872,0.83789398,1.55021681,1.228594186,1.612887217,1.921343752,2.012721266,2.426382359,1.918418379,1.811273819,1.34272954,1.219500485,1.203756948,1.300882844,1.891543855,1.575736878,1.343800902,1.623358269,1.412683256,1.653093246,2.054852124,2.12588424,1.848108043,1.682255012,1.849579724,1.595947492
Brazil,0.686828727,-0.437703775,-0.455957336,2.129525575,3.006717269,3.961982624,5.192912941,4.995566023,4.215693454,2.303955994,0.578880161,-0.969342446,1.12245118,1.972618753,3.813448141,5.206790221,2.283381569,1.046560608,0.659715615,0.683280651,2.512508577,6.262345594,6.593393776,6.30766085,5.714138918,4.11234525,2.133750359,2.679941212,3.459681688,2.549675101,4.975953368,4.850719898,5.124001256,6.541290173,5.888356795,6.216205053,5.55387972,6.031216844,6.56545564,1.032710676,-1.561376769,-1.908588235,-1.139859152,5.365627387,9.12538144,8.50572096,6.968788819,5.760302337,5.016955429,4.747609941,3.599464206,3.103471196,0.234502781,1.04480216,3.044354414,2.083122829,4.067491103,3.790555161,2.407383954,2.58044781,2.955720119,-0.095994834,-0.546989326,-0.176238222,-1.793431979,-2.673832048,-4.229241906,-5.471435602,-6.168050616,-3.47607546,-2.45541829,-1.765343798,0.860003451,1.234665174,1.996413646,2.399979772,1.785475916,0.797570101,1.46311384,0.763515671,0.773836304,1.443797991,0.691143859,1.621077426
Bulgaria,-9.363217392,-5.589268473,-7.102201349,-10.83291724,-0.806751222,2.80088695,4.514286526,11.52086495,3.441618897,3.515834397,4.046243676,4.495853187,5.362674717,5.980045338,6.152992607,5.790725219,5.552654609,4.919029109,4.566294015,5.650172745,5.416244869,6.477151525,7.481389689,6.781329805,7.846704194,7.2455751,6.403467833,6.716395455,6.057599946,6.403428496,7.268122784,7.244400716,7.052356312,7.27799431,6.319162586,6.830934518,7.214508197,6.329883802,6.141221199,4.222524774,-1.511602529,-2.791452889,-3.155991046,-6.444459166,-1.782947878,-0.103026343,-0.125536175,4.140017739,3.454878771,2.986399636,2.395021725,1.180878477,1.345031378,0.013560788,-0.215305072,-0.216856484,-0.567752248,-0.265884742,0.559291376,1.112129581,1.236819362,2.101843345,2.020485034,2.74007303,3.676125132,3.658483146,4.358537211,4.077996595,3.972041092,4.075001267,3.470467335,3.810282369,3.607562438,3.503218576,3.66452122,3.231820762,3.005581744,3.092117518,3.323992428,3.476067289,4.166037802,3.812064991,3.318155766,3.086850291
Canada,4.194104167,5.009661214,5.690714411,5.738706566,5.516373336,5.88475154,5.313760943,4.030670264,2.934982125,2.000024935,0.905883926,1.346715383,2.309048819,2.635438778,3.592704106,3.530710093,2.581037167,1.829610796,1.33311469,1.475555706,1.644029179,3.003268745,3.831186233,3.860541692,3.474673797,3.001929546,3.033425786,3.309946552,3.788607776,3.094238728,2.144768711,1.547877248,1.375255855,2.304651418,2.448100483,2.15730178,1.585825708,0.974880143,1.377281448,0.08807601,-2.248517705,-3.663660624,-4.017306655,-1.758873711,1.724913568,3.385402366,3.651720446,3.601873242,3.140203861,2.80319874,3.488097449,3.150369226,2.442677819,2.576982045,1.318874171,0.73508073,1.573583484,1.830937489,2.521181159,3.384447333,2.632805647,2.972572204,3.119733603,2.75380714,2.022401696,0.823871439,0.219332497,-0.394869166,0.704858556,0.483168091,1.161554002,1.653443587,2.263320141,3.980446675,3.28615794,3.156515506,2.536087251,1.736941834,1.991787685,1.797620646,1.537688781,1.953217679,1.619975468,1.514250534
Chile,-2.345096542,-3.999743151,-1.137973834,4.746771837,5.470718815,5.163414822,4.137393538,3.133435319,3.909925092,4.749313346,2.548029688,2.228416214,2.016226946,0.968933949,2.266307892,3.411896075,3.442378561,4.566615285,4.575144806,3.259144014,4.810334596,6.203928951,8.487706225,9.163232805,6.499424802,5.918192552,5.409965923,5.390861842,6.330046475,6.805144046,5.740632435,6.417569163,6.522902728,5.330994779,4.125367055,3.76181786,5.257418158,4.379326715,3.464974942,0.924401208,-2.567173141,-3.169667256,-1.305709955,0.849598359,2.173429419,6.280380095,7.564322561,7.5038431,8.64297282,6.330727934,4.270162004,5.051101178,5.538594962,5.676510642,5.93323277,4.693656449,4.009120547,4.066286611,4.376707388,3.87600416,2.764171045,1.640803578,0.792855137,1.701214265,1.848985266,2.552663651,2.406420776,2.218392794,2.646895021,1.158188728,1.739334875,0.991661862,-0.391355573,0.962467267,2.260984587,2.792307363,4.97479035,5.025450678,2.987170853,3.033499417,1.888050929,1.85339829,2.7730162,-2.389011955
China,8.9,7.9,7.6,6.7,8.7,9.1,8.8,7.5,9.5,8.6,8,7.5,8.9,8.8,9.6,9.1,11.1,9.1,10,10,10.6,11.6,9.8,8.8,11.1,11.1,10.8,12.4,12.5,13.7,12.2,12.5,13.8,15,14.3,13.9,11.5,10.9,9.5,7.1,6.4,8.2,10.6,11.9,12.2,10.8,9.9,9.9,10.2,10,9.4,8.8,8.1,7.7,7.5,8.1,7.9,7.6,7.9,7.7,7.5,7.6,7.2,7.3,7.1,7.1,7,6.9,6.9,6.8,6.8,6.9,7,7,6.9,6.8,6.9,6.9,6.7,6.5,6.4,6.2,6,6
Czech Republic,0.399778794,0.510533922,1.499735756,2.513004854,3.822594496,4.464851557,4.84766471,4.181233116,3.994814882,3.229123684,2.349362137,2.575581358,1.257165403,1.464313774,1.587956923,1.646968146,2.874008957,3.467660567,3.872414983,4.095263986,4.034002289,4.193154122,4.741652403,5.662374895,6.462093235,6.672211091,6.769393278,6.787167824,6.811540694,7.433252362,7.045629908,6.495181988,6.388068346,5.17776676,5.380114303,5.30365568,4.083506491,3.916990033,2.671576551,-0.504319899,-4.348722898,-5.35116231,-5.127095945,-3.21669631,0.858533542,2.415174193,2.761149594,3.094279706,2.977666546,2.100367012,1.157477831,0.840364338,0.047457413,-0.741841408,-0.940187075,-1.210009948,-1.397476686,-0.539871749,0.179826544,1.598418801,1.344840222,2.016764248,2.836811976,2.833270083,5.354147912,5.758098746,5.678336415,5.073652247,3.400967833,2.318314004,1.934540025,2.152873268,3.678978723,6.078584329,5.846256411,5.813529435,4.776856221,2.647596956,2.690298733,2.594810222,2.449348608,2.373962569,2.282940943,1.968243963
Denmark,2.31105754,3.621945401,2.381316969,3.481498563,3.552324637,4.193146465,3.839186166,3.408058061,1.297581844,0.646322458,1.270204581,0.091785342,1.156465893,0.655051924,0.098620025,-0.034579328,0.534887129,-0.390223556,-0.38683434,1.804920682,1.749947147,3.316610306,3.205574354,2.413156435,1.552318238,2.938909518,2.811266815,2.042172351,3.700915407,4.73163812,3.917567281,3.300487701,2.356446554,-1.053004057,0.547088857,1.834574414,1.45612883,0.972250724,-0.551895439,-3.867425881,-5.196421572,-6.168268009,-5.290600352,-2.911942209,-0.659459022,1.996593348,3.256597062,2.930815669,2.271855039,2.595693052,-0.261522916,0.780333475,0.491421016,-0.430965796,0.917642586,-0.062150336,0.571188203,0.570215085,1.11226999,1.479632236,1.166224286,1.017899621,2.062368885,2.222885506,2.662785995,3.217787663,1.824728012,1.686875018,2.158906178,3.058665445,3.620422425,4.134965567,3.509092496,2.670539557,0.920672709,1.088406024,1.712678272,1.692961469,3.132828191,3.029675967,2.032190719,2.77432713,2.435022707,2.041705197
Estonia,-3.243714221,-1.787621076,-0.659162038,3.833977162,8.609450507,10.30741274,10.50666546,10.12176596,7.626063339,5.104304516,5.960134867,5.141406771,4.373478516,7.961302476,7.919628595,7.143963821,8.813490163,7.515907688,6.415121552,8.390411513,8.42837035,5.26178236,6.604927344,6.055370416,5.464686962,10.40391346,10.53634176,10.77316456,11.36426171,9.349410759,9.249454199,9.452872398,10.56438728,8.73036287,6.495084942,3.273711484,-2.262347277,-1.620428493,-1.70876192,-12.70492622,-13.05493965,-16.80234413,-18.45389555,-7.12892047,-3.277986807,1.361951096,4.899794921,6.620134625,7.308561799,7.952734721,8.086519411,5.740134758,4.183708264,3.384518175,2.155883551,3.074073223,2.919413475,1.488202866,0.78483537,-0.125315647,1.065771933,1.737426867,3.348389379,4.94855881,1.833726922,3.394880081,2.80565499,1.100727432,4.160518293,2.082463974,2.46468977,3.870150792,4.135647146,5.931274884,5.186094243,5.578766294,4.625698134,4.13120922,4.489439852,4.1643889,5.220704121,4.81717753,5.479490946,4.122982985
Finland,3.160992013,2.540543532,3.850427825,8.028927964,5.612147883,5.32764763,6.085816703,5.998792366,3.57005067,3.525854558,2.733439241,0.624133148,1.549656046,2.353843869,0.976902874,1.951855863,0.736103299,1.00355476,3.07980262,3.181960841,4.032336376,4.168262785,3.381596944,4.370715272,5.084824866,2.689098807,2.249087591,1.170219921,3.077811334,3.753441214,4.278766787,5.001218729,3.774397863,5.675640694,5.696987849,6.033427595,3.34025327,2.07197828,0.779241808,-2.923673997,-8.405150766,-9.319627215,-7.840616967,-6.700016402,0.741309354,4.066869569,2.412395397,5.53968533,5.07695992,2.13834612,2.593892967,0.485123571,-0.153320211,-1.512605042,-1.779566101,-2.150760433,-2.62912162,-0.722622509,-0.105583242,-0.118583771,-0.040491007,-0.496572799,-0.410095971,-0.508819539,-0.392282273,0.712320587,0.422397691,1.436242755,2.758930674,2.545369841,3.050030648,2.896937103,3.505519683,3.039752194,2.865405915,3.662644699,2.296098042,1.731567028,1.46158601,0.586903003,0.812448361,1.879395599,1.440531405,0.44641983
France,2.94012396,2.876386538,3.35265299,4.006459927,4.439732091,4.548640395,3.981847626,3.400859065,3.005012793,2.152071514,1.851010476,1.0165187,0.791057091,1.158046942,1.199284547,1.237536682,1.038983801,0.322038585,0.638523322,1.38132844,2.153697099,3.048061674,2.646125467,2.626991824,1.952773124,1.473396157,1.691664154,1.712336439,2.230400968,3.083046589,2.564681911,2.624175815,2.574337292,2.342511399,2.67698384,2.081987907,1.798667754,0.53642645,-0.109574766,-1.72894249,-3.793499088,-3.437866813,-2.983818075,-0.895239651,1.166686444,1.792307708,2.225595835,2.196792926,2.864018736,2.381378414,2.077749804,1.606321591,0.677538966,0.442059271,0.348556804,0.042523435,-0.095708412,0.772232173,0.591054705,1.158412755,1.322116974,0.715452037,1.137442715,0.766606222,1.156046727,1.045614977,0.970454035,0.950179954,1.128086383,0.914920339,0.804369359,1.270035927,1.381115758,2.359309495,2.845240917,3.110072567,2.42016982,1.896969134,1.563804537,1.359569467,1.776581568,1.82976509,1.603779677,0.74672689
Germany,0.781593986,1.208477821,1.871876771,3.12544193,3.400497086,4.249858119,3.033084412,1.910867937,2.500004013,1.617658728,1.464504835,1.682466178,-0.850739251,-0.386345763,0.299717911,0.265085117,-0.711642815,-1.011938378,-0.763034498,-0.357358332,0.979234915,1.37874206,0.409310785,0.034990505,0.210301694,0.232475515,1.281149955,1.877110965,2.856477808,4.070510922,4.001843708,5.058361456,4.134578619,3.228783698,2.949457871,2.099653903,2.669576725,1.557135868,0.410829039,-1.853757632,-7.029257431,-6.643277803,-5.540702074,-3.293834467,2.292164803,4.406232905,4.699354917,4.754951551,5.930875485,3.707745602,3.752979747,2.618301204,0.860345845,0.985803107,0.383081775,0.258811539,-0.414763699,0.439929207,0.708743968,1.473235717,2.912830205,1.834960783,1.783873195,2.302400578,0.822155354,1.534668144,1.476540334,1.112702413,2.506850752,2.178215066,1.989178981,1.900404722,2.265787301,2.531644108,3.181282569,3.646997244,2.177057175,1.990624149,0.768424965,0.272843387,1.095978615,0.11493705,0.755513226,0.396416753
Greece,2.361704355,2.86197618,2.896443297,3.724339464,3.330421774,3.318944495,4.848009813,4.662254616,5.557085016,4.317066945,4.064341291,2.880212644,2.452555275,5.022569822,3.943039937,4.467728455,5.778436775,5.29512856,5.347760594,6.775966831,6.510927293,4.637807316,5.373131112,2.774821603,0.335709457,0.593025488,0.648996724,1.54047551,5.469142465,5.54199109,4.591190257,6.716217109,2.537298304,5.19988242,4.047603993,0.964196719,2.385711643,-1.147594182,-0.624737981,-1.52470938,-6.770290811,-3.564516207,-4.170677348,-2.688349298,0.490489048,-5.213892658,-7.872172871,-9.073907494,-10.2523356,-8.838899705,-7.472871441,-10.11355933,-8.375878109,-8.676711858,-7.920855136,-4.097709083,-5.222083882,-3.369865874,-1.729941871,-2.321455274,0.650297685,0.402156406,1.271881151,0.763553876,0.361305518,0.598831072,-2.638611344,-0.307328483,-0.638831508,-1.310551254,0.980186422,-0.045679458,-0.026473144,1.74193179,1.8458269,2.210622498,2.755454175,1.376292431,1.825057205,1.698625842,1.720354894,2.818500195,2.162884352,0.78292557
Hungary,2.510912099,2.112223674,3.044295717,4.208228724,5.058416291,4.960384392,3.988655126,4.631249938,4.52755943,4.338496041,4.336352759,3.228528692,4.778119436,4.529569339,4.584449929,5.049357888,3.536033112,4.023840343,4.305971434,4.1200345,4.850229971,4.884119011,4.811648675,4.245391325,3.654145939,4.555797574,4.107200718,4.780730068,4.772031011,4.140023255,4.006194067,3.814460293,1.548748305,0.079429863,0.007411757,-0.496008621,1.757691772,2.441870354,1.687570536,-2.114542242,-7.227670729,-7.730421165,-7.556643011,-4.244838066,0.055901626,0.880294299,1.903646751,1.452720106,2.575554605,1.687539854,1.064715843,2.465130771,-0.408525404,-1.048848155,-1.221738751,-2.267513079,-0.266208811,1.410442461,2.736463341,3.672374967,4.263343828,4.595072442,4.017969141,3.709391718,4.66119191,3.453465088,3.255008266,3.738089877,1.33395367,2.612878634,2.345695676,2.123511205,4.25337559,4.066346457,4.462924954,5.029245132,5.420725565,5.295032247,5.710633626,5.328986184,5.110692048,4.747501951,4.444125739,4.023269553
India,6.19852,7.53136,6.92997,7.28888,7.79075,5.21917,5.30476,3.63806,2.0557,4.03951,3.94624,6.2882,6.56987,5.04817,4.38065,2.11781,3.58059,5.54613,7.68505,11.13362,9.08313,8.9182,8.66936,7.25254,8.73418,9.57187,8.49515,9.12449,9.93377,8.08975,10.12762,9.25047,9.55723,10.72776,9.11082,10.89759,8.53763,6.97469,6.00342,2.66643,0.16417,4.88253,6.63314,8.76762,13.69472,10.03996,10.47141,10.68164,9.85151,8.57399,5.45264,4.73924,4.27646,4.22103,6.09487,5.63359,5.86099,6.11874,5.91755,6.97852,6.51421,7.44278,7.68087,6.98087,7.54184,7.39431,7.41543,7.93386,9.19265,8.91219,9.0638,8.42943,6.7052,6.71459,6.64854,7.18077,7.60795,7.00642,6.45324,5.65305,5.4166,4.98024,4.39894,4.07719
Indonesia,-6.407873962,1.497006775,2.921312595,5.991806941,3.483446099,2.945097255,5.165717716,8.074008921,4.029583907,5.701399459,3.208735938,1.744698795,3.724201422,3.993755402,5.306708538,4.958619448,5.047811925,4.890617266,4.646272809,4.547430215,4.413139891,4.477195955,4.652180371,6.54703802,6.163742811,6.110555945,5.990071298,4.554141964,5.083286687,5.219988816,5.750754633,5.931368337,6.250393094,6.659454134,6.622367658,5.857952602,6.450162655,6.274599695,6.055767064,5.29834354,4.435945292,4.202839659,4.389441087,5.763112964,6.051447104,6.467396802,6.417260515,6.56402853,6.369984832,6.145862785,6.158394827,6.013250486,6.080577774,6.121127702,6.004041053,5.91890848,5.799712285,5.576903088,5.489288315,5.37284311,5.145427629,5.111265509,4.95355128,4.823650385,4.870063974,4.776326718,4.854169975,5.001988947,4.980548113,5.087375048,5.07555722,4.988795205,5.039724605,5.032540537,5.063777168,5.141056206,5.174977843,5.170571054,5.177309042,5.156277009,5.073384025,5.076784715,5.014937836,4.93670897
Ireland,9.505501743,8.110004902,8.716391631,13.67920879,8.582136183,10.70249066,7.975085664,6.071235661,8.798335657,6.235134553,3.881216307,5.49187189,4.450820945,4.508817907,7.999715701,6.203660661,3.587761257,3.298033154,1.911935996,5.910164654,6.582930075,8.426606174,6.768999447,4.105671623,5.950870977,5.526100269,5.126661948,5.463446114,6.289019561,4.432826119,5.767551406,3.635623191,7.706719919,5.712926586,1.958879142,6.897371018,-3.238599875,-3.592925083,-1.016611533,-10.29478821,-6.723701918,-4.941832915,-5.776614644,-2.50089304,0.101774109,0.512056033,2.135117822,3.232461501,0.552350443,1.653221876,-0.477034326,-0.56250751,-0.411550263,-0.216112061,-0.891678543,1.508935263,-0.968934195,0.230859432,5.055200336,2.185029544,8.431513055,9.520097682,7.8899301,8.209412029,28.96028366,21.86998576,24.52793586,26.29270943,-1.652318329,1.787532299,-1.614657381,8.210643472,9.039184218,7.832527642,14.60151293,6.465004512,12.43507193,12.70163734,7.650982211,4.908436964,3.658376131,5.219913169,6.830288801,7.740694529
Israel,0.872110254,5.138127207,4.695011382,5.859990357,9.077346505,7.899267675,10.66919823,8.26276777,4.832125073,1.063571795,-2.909549785,-3.257865958,-1.759184097,-0.694564616,0.456385297,0.826786118,1.492013156,0.696068294,1.396948585,1.937404388,3.117368071,4.398271971,4.922110778,5.827220372,4.039719838,4.127268895,3.989211163,4.514900333,5.931233382,6.761328721,4.832714813,4.689090532,4.85063081,4.662584124,7.322597093,7.088698053,5.765436073,4.331700489,2.462688057,0.351634794,-0.464619767,0.096124594,1.099716218,3.160159261,4.574291728,5.165397509,5.32717982,5.392435323,5.224815586,4.589717843,5.366299157,4.383714211,3.126183717,2.167120315,1.131327262,1.333384684,2.50856441,4.546706319,4.70588262,4.922797979,4.908264469,4.007838364,3.469239817,4.266730764,3.309454767,2.341922957,1.974703748,1.217283716,1.821748843,3.61681093,4.599427896,4.725711796,3.970072091,3.428784963,3.503130465,3.611218569,4.70450786,3.777707671,3.291595467,2.976187381,3.158002407,2.988580179,3.274689458,3.692129289
Italy,0.853302756,0.669738767,1.420229261,3.355200106,3.872557515,4.265738109,4.0426694,4.037367333,3.418835269,2.351983396,1.464158954,-0.070844377,-0.62094277,0.074083541,0.53161173,1.01869214,0.588611954,0.128794826,-0.150177382,0.327200178,1.100340292,1.460799109,1.499479863,0.848343562,0.380374157,0.757317166,1.491388124,1.358700189,1.754284961,1.759049676,1.456122486,2.550057485,2.255182981,1.699157458,1.471042961,-0.015639708,1.047268421,-0.002339856,-1.368930022,-3.527383811,-7.188815142,-6.615952262,-5.038755319,-2.319886589,0.821882286,1.890241429,1.848413603,2.131750043,2.160314888,1.516108936,0.591610427,-0.864314515,-2.403118143,-3.209315771,-3.277812613,-3.161266181,-2.892420867,-2.195690996,-1.456525907,-0.885724298,0.103113662,0.117493893,0.04088209,0.01632552,0.14673266,0.516210635,0.61123042,1.367830917,1.447965077,1.269876943,1.574257687,1.329137365,1.579297106,1.774321411,1.640538731,1.924991734,1.397700004,1.09085116,0.616064485,0.196775543,0.354635835,0.405901434,0.491825014,0.10527812
Japan,-0.73841182,0.01841057,0.404627068,-0.313240436,2.79147698,2.72557767,2.22902279,3.166011109,1.884655662,1.102331048,-0.006177812,-1.274034803,-1.632992068,-0.419761828,0.925276593,1.498658577,1.403517378,1.293144035,1.362163481,2.218641162,2.855174176,2.229144699,2.466232968,1.138865322,0.921913419,1.576884485,1.921338174,2.311991275,2.0010459,1.575819678,0.430485412,1.562331637,2.116789546,1.983625115,1.663223295,0.822256506,0.343089576,-0.152408517,-0.900926861,-3.762439416,-8.597868122,-6.326814478,-5.103682974,-1.404903082,4.43895977,3.6805049,5.501559035,3.219384474,0.908201989,-1.09080342,-0.427026176,0.237303265,2.890547536,2.805967134,-0.074731725,0.349249076,0.363218828,1.881744313,3.126283368,2.821152024,2.592616247,-0.151491262,-0.887657766,-0.362307591,0.015524783,2.080704352,1.925166572,1.034647857,0.177067172,0.195789578,0.476833866,1.153511472,1.823481988,2.018119768,2.375547249,2.555012504,0.914619876,0.979585853,-0.410132019,-0.30927409,0.83023793,0.869366402,1.745108588,-0.665013963
"Korea, Rep.",6.583397539,12.16131075,13.30116523,13.73250618,12.47460504,9.187473677,9.159237157,5.752766405,5.057922525,5.023056985,3.587655198,5.756611965,7.134576542,7.677398844,8.390946792,7.68238505,4.318227912,2.30354585,2.214156235,3.773317382,5.772676581,6.744794051,5.145618814,3.218131462,2.806402673,3.95274556,5.091342447,5.356856008,6.180250599,4.975060286,5.08739741,4.844851011,4.880914676,5.921792787,5.463010624,6.904624178,5.567555979,4.315216973,3.946152422,-1.589977756,-1.896186505,-1.106362311,1.028926786,5.239425329,7.204676456,7.804557338,5.881250359,6.377779149,5.307370682,3.851242513,3.205589616,2.44390986,2.386442244,2.460569106,2.365239164,2.398036152,2.403330714,3.02743644,3.463155446,3.753845347,3.827576261,3.492772595,2.928083012,2.581210307,2.483327314,2.033215893,3.214977299,3.495710503,2.90964389,3.647154194,2.599651718,2.64274291,3.185969735,2.74204146,3.786877739,2.924038843,3.178809226,3.100693395,2.198493084,3.160310341,1.725215504,2.12823508,1.923495838,2.374366485
Latvia,-0.581956425,-1.372436219,2.757707637,8.727131046,6.306997107,7.892069178,7.09135312,2.147117821,3.91027264,9.11096567,3.430878713,8.115136593,5.718757743,4.765049847,8.693973413,9.237569239,10.2640654,8.15067571,9.599934039,6.67726841,9.821652016,8.410919595,6.780563111,8.09901762,6.897680825,8.096725125,12.76369731,14.21152837,10.73816302,13.3903919,11.70327131,12.55443577,15.22835223,12.07464551,10.50594376,4.548855921,4.57818608,-1.093307938,-6.8025212,-7.998873331,-13.05177826,-14.97398446,-15.74570067,-13.41226065,-10.77825851,-5.985795969,-1.366916374,-0.425796386,2.099456555,6.310045184,8.690675534,7.701245564,8.037014852,4.056591103,3.146174617,3.108406744,1.751771389,2.173023718,2.479017482,3.068188405,1.390934644,1.845396346,0.967708094,0.685656556,3.219585604,4.079732343,4.44792173,3.723683427,3.736440384,1.629830166,1.037040147,2.384106946,2.051533148,3.611941131,3.958298437,3.285611552,2.974996686,3.894462553,4.775925728,5.150591125,3.572306294,2.444780845,1.538465828,0.750228438
Lithuania,0.679868601,-0.353175867,-2.49126902,-2.333188857,1.491947905,2.126653485,4.963841207,6.361413066,6.617611818,5.91782427,6.442684103,7.327597802,4.916749956,7.817222353,7.545165192,6.63892101,11.17684681,9.401954887,10.55537542,10.85407115,7.228824787,7.626199995,5.349788685,5.895898548,7.165188325,6.883026771,9.057588813,8.570148832,7.166859243,7.906943677,6.886745493,7.804628072,10.64242641,10.91542527,11.95606454,10.86043354,6.585479065,4.632293064,0.632081125,-1.856479311,-14.05478548,-15.75175149,-14.33738537,-14.59224317,-1.235070768,1.343872467,1.37361927,4.915146302,6.104491322,6.275262589,6.720973164,5.383491755,3.960376346,3.158224434,4.383377986,3.714949749,3.78270121,4.236259346,2.877383702,3.711943344,4.233511841,3.772739048,3.399634554,2.512984298,2.006192528,2.092910551,2.133541964,2.089523143,1.984697809,1.70390587,2.540752233,3.372699036,4.000818859,4.666719032,4.512390534,4.288958485,3.957027637,4.065888256,3.912960683,4.039537738,4.884058468,4.43013214,4.142143101,3.852987715
Mexico,2.454961318,2.291833135,2.655336321,3.560827375,4.448440402,5.405330942,5.367402937,3.592293351,1.716598293,-0.375580665,-1.119353136,-0.925248767,-1.648883278,-0.2144278,0.450745674,1.237756691,2.129109438,1.472872549,0.769366117,1.507785903,2.65621858,4.056496174,3.921725688,4.104984285,2.877188548,1.547556127,2.634006753,2.992404428,4.628950208,5.363565017,4.712850882,3.299669654,2.245412429,2.014490944,2.336732766,2.526141664,1.612473464,1.578277423,1.25700389,-0.752853757,-5.629875637,-7.743735677,-5.038823602,-1.831485463,4.540727933,7.276846011,4.85184512,3.920830785,3.623915353,3.034946061,4.065899322,3.951456152,3.799001345,4.156835728,2.816649906,2.96075692,2.604650752,1.101166357,1.454367417,1.194139007,1.620606855,3.520486614,2.885252884,3.397545766,3.258497012,3.193935194,4.069114535,2.721564752,2.748284487,1.970306951,1.739343528,3.107595537,3.053477675,2.953182659,1.579452697,1.787051007,2.563269015,2.196420189,2.804493572,1.19785309,0.078827374,-0.020802016,-0.459573257,-0.788182288
Netherlands,4.213417,4.624423196,5.167646605,5.68013208,4.59487388,4.598909197,4.029299506,3.919383057,3.38834738,2.763484672,2.099586695,1.114656474,0.388732564,0.231510245,0.212975648,0.04030029,0.671931395,-0.023899152,-0.09033127,0.29448898,1.184842103,2.01959156,2.081437618,1.75917512,1.171867896,1.400109726,2.608579641,3.030957069,3.340163969,4.154503031,3.389040594,3.588306691,4.125437165,3.114534741,3.646875004,4.190193102,3.347400249,3.327802565,2.061055447,0.034028853,-3.875672184,-4.344447484,-3.843695088,-2.621880371,0.817196805,1.257004827,1.298216437,1.827216603,2.6087915,2.069049495,1.621153794,-0.116749799,-0.900005599,-0.758723129,-1.183963074,-1.282109979,-0.75289587,-0.985741421,0.039101779,1.384991695,0.962425739,1.738025193,1.380890485,1.643447921,2.345675557,2.065591143,2.160347126,1.269539424,1.592631527,1.514803738,2.303478563,3.148929191,2.730976118,3.395460032,2.992017231,2.940091622,2.88848503,2.60579434,2.089598289,1.699209893,1.749510416,1.500378237,1.611571787,1.659041488
New Zealand,2.853937398,3.208196276,5.895843721,6.159550097,6.450053571,5.611796513,3.171043187,2.103001648,0.979166129,2.366205843,2.751601969,4.073860065,4.648016336,4.561275515,4.925269498,4.780006252,4.453001713,3.524275999,4.523685234,4.465255037,5.639935561,6.130490057,4.201631565,3.255228599,2.671492814,3.433675687,3.624919348,2.872235055,3.376600624,2.226672738,2.424306009,3.642888625,3.094676653,3.44892197,3.616976962,3.052136704,1.70063725,0.360630132,-0.663820359,-1.722950496,-2.477521715,-2.107037937,-1.306329453,0.723050544,1.944574126,2.888660181,2.038421382,0.301277209,1.007813272,0.879806723,2.135100181,3.058620739,3.059973219,2.627890092,1.72884188,2.737310907,1.8540097,2.429984,3.075596463,1.824350177,3.254991052,2.850106836,3.363556741,4.692712107,3.52195174,3.868298311,3.582761465,3.065958541,4.002175854,4.18774891,4.157714189,3.457619997,2.996666158,3.08781067,2.89062651,3.275749566,3.215493079,3.195262918,2.955326621,3.284360599,3.012248221,2.09087991,2.319036866,1.787160309
Norway,0.549046816,-0.53229307,3.36560444,4.60880155,5.392897916,3.823581969,2.720594221,1.022995118,0.71615523,2.010553253,2.273529271,3.122057377,0.881700287,3.160853195,0.394158386,0.652961008,1.722653264,-0.82234742,2.086109351,0.978487671,4.530920451,5.247382818,2.590690575,3.56557155,1.652441821,1.975474592,4.022687233,3.242329983,2.236493581,1.83032435,2.028870433,3.66305496,3.081308592,2.951060521,3.212848775,2.460601429,1.097407798,1.1493647,-0.314672976,-1.078638931,-0.647405989,-1.570362537,-1.326587914,-1.582413453,1.173461943,0.986304342,-1.583161807,1.125860615,-0.71681051,-0.064957982,4.129225306,1.33805754,3.439944953,4.114205872,0.97817984,1.750828784,-0.259800733,0.224409788,2.695985514,1.683099367,2.058871116,2.075741003,1.509140696,2.932525278,2.136295482,1.924453777,2.687144937,0.556039439,1.726560741,0.519998491,-1.50080498,1.726942369,1.499134599,2.937472739,4.592660401,1.95791867,1.731286284,1.191554215,1.147502982,1.373130472,0.852434237,0.800774435,0.06126307,1.717922665
Poland,1.381235379,4.012308122,5.424237395,7.256603273,6.264863838,5.10515079,3.228098658,4.218782808,3.165388685,1.475625753,1.875571665,-0.733755125,0.835759755,2.210845516,2.666950959,2.460793852,2.601919702,3.814292333,3.692228873,3.884632555,6.615242636,5.270851128,3.587066852,4.392936228,2.481871976,1.80890608,4.301802568,5.106023568,5.52340072,7.791329653,7.493596631,3.970226158,7.131859817,5.917075191,5.965118899,9.022597671,6.237086449,5.295236404,3.189569821,2.233841953,1.893807341,1.693638886,2.627207314,4.663012085,2.600974807,4.11871942,4.885212185,3.431501615,5.041956569,4.844405294,4.813204693,4.455940736,3.361919048,1.750241804,0.89660893,-0.267633979,-0.263532364,1.059238518,1.379547057,2.187486426,3.167664829,3.229402511,3.310938671,3.705216416,4.106666579,3.744038394,4.187020977,4.789295806,3.025053037,3.562394146,2.527067348,3.575195551,4.877771924,4.433708505,5.340491183,4.763823574,5.129345198,5.596140416,5.861650523,4.880922558,5.271546065,4.656143289,4.42054868,3.888351171
Portugal,4.809349106,3.76305499,3.631586651,3.447603511,4.36261334,3.271881856,3.767341175,3.865423683,1.28655306,2.809783105,1.473782928,2.209251062,2.712151949,1.255985013,0.649396005,-1.48022333,-1.551766468,-1.97190001,-0.651382451,0.473932977,1.274706115,2.767450994,1.903675089,1.219915938,1.085613464,0.881126993,0.365490739,0.79709233,0.845485679,1.444794216,1.810916905,2.39958247,2.638146476,2.10749605,2.433312185,2.846505813,1.783361064,0.835148152,0.544806431,-1.851532345,-4.328946865,-3.769342325,-2.840185393,-1.521659332,1.852117731,2.323261872,1.513466221,1.268103738,-0.222233209,-1.196017007,-2.049629081,-3.310166708,-3.19826619,-4.091744129,-4.428694766,-4.527642954,-3.604207477,-1.546055897,-0.560105728,2.143056093,1.066874721,0.639918033,0.875727424,0.590349244,1.892981477,1.857357964,1.876774457,1.543573076,1.363934383,1.365877713,2.439463797,2.901011108,3.622097634,3.834597164,3.342896141,3.23382067,2.796210245,3.125280172,2.948668993,2.531043874,2.454530684,2.165877251,2.037741669,2.28809548
Romania,-2.406149269,-1.473918917,0.557610444,1.183665417,2.700230693,4.450696759,1.7246077,1.463273193,3.125494775,2.638513415,6.338538153,6.488534574,6.05050161,6.18828239,4.606156157,5.589306288,1.525968151,1.834796664,3.653316211,2.082319999,8.600214783,9.090029765,10.44632294,11.88148988,7.382043633,4.962478136,3.454883967,4.421841788,5.672439091,9.886919961,8.588596729,7.363234532,7.571895035,6.173301093,6.343873518,8.420515874,11.463281,10.95174938,10.11518762,4.766609429,-3.98261714,-6.223748843,-6.242634911,-4.665736693,-3.434207014,-3.028347662,-4.57244093,-3.394822753,0.655714244,0.673903683,4.004249137,1.723038069,1.707451845,3.334326946,0.743288607,2.421948364,2.249397143,2.517488218,4.333022756,5.061558219,4.526288642,3.121501844,3.798276896,3.338324382,3.27825968,2.733684498,2.869508663,3.186809691,4.096699729,5.660529879,4.036913132,4.958126394,6.376172029,6.49638786,8.648650122,7.028717308,4.641569561,5.454326208,4.075536248,3.976806329,5.355758913,3.578145262,3.396353734,4.411404768
Slovak Republic,3.088812492,1.329024241,1.508954042,-5.951804541,-1.687975068,0.972172913,2.209884919,3.249791498,2.869841969,2.956546379,2.777560939,4.397064321,3.984401005,3.933843257,5.811644444,4.302243086,5.825886611,6.330927495,4.427236073,5.441187437,4.949583242,4.11266474,6.082185776,5.94908335,5.883356212,7.357439659,6.660238977,6.588298383,7.788753345,8.043628573,8.337336792,9.751723691,9.472089021,9.634534457,10.12565936,13.93082672,8.477572681,7.166823036,6.144047887,0.975713317,-5.970251789,-5.650562964,-5.424973328,-4.799983404,6.869485216,6.35748589,5.764881832,4.556551508,3.299788209,2.964609949,2.458009293,2.678506073,2.74392236,2.230178229,1.810167003,0.825410606,0.316228286,0.362944219,0.659973104,1.325578557,1.993641528,2.408343955,2.85311155,3.301452452,4.410855255,4.883384974,5.121809853,4.837480767,3.207758784,2.294530321,1.582105702,1.477463099,2.194089222,2.878775314,3.286810612,3.802016967,3.771038789,3.923625593,4.046254768,3.339784699,3.144116334,2.3778757,1.81383431,1.951082674
Slovenia,4.033763611,7.688900663,4.02741566,5.051542897,4.437071218,1.618038026,5.546758762,4.478832786,4.617304344,3.455650402,2.839195118,3.099413061,3.242612965,2.821721442,3.393275673,4.137276489,2.708727749,3.043569036,3.320827975,2.242273447,3.320323199,4.353341952,3.88800847,3.632244534,3.590346414,4.066651092,3.955521666,5.404127706,5.146804749,5.620766729,6.492054994,6.936271483,8.133976276,7.209648794,7.557341626,5.460681852,5.200175399,5.559326867,2.904608501,-1.141771454,-6.994005201,-9.472145936,-8.760712876,-5.349812839,-1.102150857,1.752783702,1.782940631,2.454047882,3.234455746,0.934105991,0.486981526,0.021423445,-1.254425109,-2.495606999,-2.135935931,-4.150631393,-3.350468719,-1.336532636,-1.517044892,2.45052567,2.319078589,2.900657419,3.513719953,1.667687379,2.083598896,1.909501487,1.916089271,1.920166503,2.589036604,3.100232475,3.413676788,4.090377087,4.683468303,4.850342249,4.728617063,6.13010092,4.577194264,4.536906485,5.021230549,3.889648031,4.569775095,3.171221445,2.744186689,2.092196677
South Africa,0.938259323,1.597895323,2.933054787,3.964503983,4.175940472,4.304363536,4.199398278,3.942878535,3.454202842,3.023457274,2.284059102,2.201030327,2.859210589,3.586949054,4.160024166,4.055780313,3.67341986,2.933228493,2.649806552,2.556822726,3.154828436,4.08803913,5.219000616,5.73266821,5.214767667,5.626869192,5.344713727,4.929607208,5.69847358,5.309838511,5.328031153,6.074190038,5.935518462,5.307978336,5.090672356,5.125995996,3.880935678,4.294481353,3.332732691,1.309037807,-0.684149281,-2.218755704,-2.22565437,-1.010149867,1.698764362,2.745193207,3.647098693,4.062058673,3.868576278,3.757888774,2.923097287,2.60986584,2.050446814,2.377933667,2.378758573,2.046623569,2.060813323,2.225155363,2.388260374,3.257431619,2.430536841,1.603503908,1.783923922,1.581052687,2.412507609,1.559090473,0.905657296,-0.075539635,-0.742855509,0.635062484,0.869787834,0.840654607,1.023725407,0.965744089,1.438273864,2.225056083,1.592099757,0.722503255,0.679202461,0.170416213,0.048510243,0.998119164,0.136603775,-0.565557139
Spain,4.235197998,4.29500515,4.69249431,4.729579291,5.352987572,5.421931736,5.161589328,5.053621203,4.497433227,3.967871265,3.816464409,3.468590213,2.81718344,2.894575266,2.572877781,2.642993741,3.159366222,2.85865151,2.90257618,3.008540784,2.674117613,3.139803256,3.427716114,3.242952159,3.625992408,3.528592933,3.55585132,3.894805996,4.068499687,4.158393396,4.119341277,4.065349107,3.82836033,3.75333511,3.586420235,3.259496584,2.544256265,1.74439843,0.78426446,-1.475769982,-4.24945107,-4.364255549,-3.985540796,-2.430336859,0.15163904,0.31260338,0.05007437,0.137639866,0.009648641,-0.456512717,-1.051035465,-1.758701814,-2.527328994,-3.157385348,-3.022491654,-3.133862306,-2.530045721,-1.670138916,-1.220482784,-0.295494008,0.391740256,0.945221705,1.74793584,2.450614801,3.246965453,3.873276253,4.048558095,4.162744164,3.678792401,3.008578363,2.985140797,2.470572308,2.588779171,3.257293623,2.940226867,3.105170881,2.855401882,2.292299766,2.326189232,2.253545516,2.225727787,2.080913368,1.820349085,1.679243494
Sweden,4.311358884,3.438544878,3.700930706,4.549309636,4.051184325,5.954079909,5.877591604,3.738462275,3.421217025,0.945585128,0.461291617,1.662508326,1.076305732,2.720364365,2.866135075,2.197611661,3.412838479,1.4394268,2.244456216,2.716040386,3.272046068,4.3429766,3.688270158,3.864734835,2.62058795,2.657866378,3.149377361,2.992071022,4.140075935,5.211794152,5.151930212,5.037529392,4.595337197,3.410752805,3.000030778,3.294139236,1.761358813,1.004910502,-0.228832511,-4.915389736,-5.368579832,-5.350117337,-5.043349893,-1.043179704,3.231621678,5.218388074,6.486757069,7.896935325,5.147865044,3.524400811,3.62079838,0.811064573,0.215744191,0.203478238,-1.123266047,-0.376279111,0.635592234,0.3933862,1.085575949,2.423483367,1.878997695,2.880693516,3.123596024,3.115191003,3.826427005,3.949316608,4.620811319,4.487225541,3.142756381,2.055371926,1.083295496,1.171611054,1.662090756,2.93288667,3.685892556,2.984549914,2.885432297,2.478587011,0.927611242,1.932607631,1.724529526,0.992260066,1.738826076,0.720868335
Switzerland,0.991291033,0.657381178,1.137093001,3.922385215,4.518297296,4.257944241,4.469083537,3.09057267,2.334606151,2.457920236,1.507644815,0.294872833,0.194154161,-0.180327,0.225809288,-0.113464721,-0.785067339,-0.894557155,-0.154583357,1.531738578,2.873921094,3.555655533,2.577896964,1.519844902,1.750151351,2.187750757,3.327059645,4.140336926,4.455917701,4.128599516,3.815084883,4.185396799,3.620144697,4.226207149,4.315323256,4.074961901,4.392776759,3.796843274,3.237641482,-0.7293978,-3.119719433,-3.372188631,-2.651287476,1.006872804,3.334514365,3.565974663,2.99311846,2.910306557,2.847281883,2.479903061,1.501052138,0.858730305,1.238007893,0.718412704,1.805898417,1.59257347,1.004704947,1.937713335,2.012259068,2.451925543,2.652755874,2.432828431,2.207656101,2.408202837,1.595255838,1.637591021,1.719228382,1.590250188,2.21441479,1.977054585,1.913830657,1.83891497,1.572808781,1.385731938,1.457706077,2.187118407,3.145129531,3.876634994,3.025126771,2.114527776,1.162205659,0.559524748,1.255889974,1.478808324
Turkey,-4.090021275,-3.864923672,-4.137498025,-1.017626507,2.265206291,6.849094604,10.30076839,8.639856942,1.473860968,-7.06006791,-7.277589154,-10.12912614,-1.695970785,7.767540922,7.889603215,12.07772573,8.088298775,3.964297877,5.487093424,6.405673062,9.24505679,11.41389542,9.546928334,8.057711694,10.00915643,7.959938306,8.263382384,10.05776995,6.412512747,9.192999221,6.861392983,5.777239084,6.486233951,3.369974427,4.765524045,5.968187251,6.263136295,2.460997175,0.012943583,-5.762221898,-12.93390844,-6.113517389,-2.085237668,2.428114659,8.25769382,8.042974126,8.438593135,9.577551982,12.37878638,11.23874656,11.11767102,9.320906415,5.960009344,4.907950841,3.994314266,4.24628335,8.263883862,9.54976744,9.228090256,7.713279186,7.683130316,2.914726553,3.921101733,5.117751062,4.08566093,7.414384034,6.306599319,6.117065331,4.524423533,4.428795264,0.03215391,4.326189325,5.373309812,6.255758034,11.05109139,7.233754818,7.363445147,5.503513698,2.27502318,-2.61596129,-2.431293769,-0.91636595,1.090248314,6.297175046
United Kingdom,3.225576211,2.453897623,3.47995884,4.007211911,4.231356342,4.680340446,3.215728648,1.953930752,2.317719429,2.486863195,2.97545446,3.135697762,2.347258622,2.060536774,1.952430532,2.3559742,2.715661958,3.147813648,3.633784295,3.778571685,3.373499692,2.815517549,1.839990332,1.154562641,1.604168866,2.421091617,3.315905621,4.469474676,4.125178131,3.194001732,2.211737472,1.299994552,1.781767626,2.079795806,2.765303609,2.810766395,2.397107021,1.253178505,-1.085525624,-3.615798878,-5.749360593,-5.398946078,-3.778530852,-1.417699207,0.918974776,2.152262209,2.770468079,2.454062029,2.168652556,1.213820883,0.818688808,0.916847557,1.250401525,1.015041616,1.903646933,1.54997487,1.384914416,2.350491619,2.063117716,2.941275161,3.185934491,3.029318455,2.651067808,2.593412772,2.36237665,2.459781982,2.279400309,2.351322209,2.003104793,1.705368608,1.622629719,1.562578818,1.863663119,1.701638801,1.821172645,1.576552483,1.144880731,1.235354098,1.409817007,1.219587879,1.707185062,1.301344217,1.02879816,1.011292738
United States,4.824066557,4.661367513,4.720387204,4.806649304,4.199578289,5.297737508,4.0753302,2.9734827,2.309709576,1.057242386,0.503588481,0.153485847,1.318279412,1.339610634,2.214366048,2.094540722,1.770926062,2.028401223,3.301806934,4.326363416,4.304555592,4.203019254,3.431594529,3.281794503,3.870679348,3.56089313,3.505499902,3.126111406,3.353894859,3.119473049,2.366502285,2.590704457,1.482292622,1.825690295,2.220813176,1.973477524,1.149236626,1.092427618,0.001876587,-2.753082785,-3.289071552,-3.924447135,-3.049779946,0.182874156,1.710253538,2.796066662,3.178207547,2.569454999,1.930627315,1.721503063,0.949038497,1.609345661,2.651756656,2.361508581,2.528124546,1.468566787,1.571947605,1.261654639,1.917418069,2.614122745,1.425724918,2.672012378,3.117728169,2.876854883,4.147746763,3.452013556,2.574766685,2.164283833,1.776935206,1.408254507,1.591940213,2.067578612,2.066823049,2.18386103,2.371306008,2.70333498,3.077125212,3.325187055,3.116300139,2.475517761,2.265801706,1.963163295,2.076480527,2.338884878
