Reporter Name,Partner Name,Year,Trade Flow,No Of imported HS6 digit Products,Import Share in Total Products (%),Import,Import Partner Share (%),AHS Simple Average (%),AHS Weighted Average (%),AHS Total Tariff Lines,AHS Dutiable Tariff Lines Share (%),AHS Duty Free Tariff Lines Share (%),AHS Specific Tariff Lines Share (%),AHS AVE Tariff Lines Share (%),AHS MaxRate (%),AHS MinRate (%),AHS SpecificDuty Imports(US$ Thousand),AHS Dutiable Imports (US$ Thousand),AHS Duty Free Imports (US$ Thousand),MFN Simple Average (%),MFN Weighted Average (%),MFN Total Tariff Lines,MFN Dutiable Tariff Lines Share (%),MFN Duty Free Tariff Lines Share (%),MFN Specific Tariff Lines Share (%),MFN AVE Tariff Lines Share (%),MFN MaxRate (%),MFN MinRate (%),MFN SpecificDuty Imports (US$ Thousand),MFN Dutiable Imports (US$ Thousand),MFN Duty Free Imports (US$ Thousand),No Of Tariff Agreement
 World,Aruba,2019,Import,571,12.28,92809.91,0,2.57,0.6,3373,12.45,86.9,0.15,0.5,274.5,0,195.69,15070.67,47447.15,9.57,4.51,163958,69.49,26.65,57.37,130.36,3000,0,39390.31,62517.82,0,1
 World,Afghanistan,2019,Import,1305,28.07,2295929.66,0.01,5.05,2.78,15621,39.26,59.42,0.24,1.08,3000,0,144950.41,1252893.53,207579.96,10.14,9.67,422941,69.54,21.71,22.72,214.13,3000,0,436803.23,1460473.48,0,8
 World,Angola,2019,Import,1575,33.88,36942351.87,0.2,10.8,0.16,12186,54.58,42.09,0.31,3.02,3000,0,570.77,5337475.37,37424762.82,10.52,2.28,430715,68.72,23.6,28.18,243.22,3000,0,37383284.44,42762238.19,0,5
 World,Anguila,2019,Import,402,8.65,45477.64,0,7.24,3.05,2436,42.12,56.32,0.04,1.52,150,0,0.17,28611.25,28359.34,10.99,8.57,186033,68.8,22.47,101.35,565.52,3000,0,25880.19,56970.58,0,1
 World,Albania,2019,Import,2176,46.81,2773574.92,0.01,2.19,2.91,46405,15.03,79.64,0.29,5.05,3000,0,68103.79,3613371.32,1223892.11,9.92,9.95,681971,70.85,22.85,10.5,82.12,3000,0,1278307.44,4837263.43,0,9
 World,Andorra,2019,Import,1224,26.33,113093.84,0,5.84,1.02,12920,14.5,80.39,0.33,4.79,3000,0,44,135130.95,65430.22,10.97,6.96,395689,69.26,21.78,31.16,243.14,3000,0,44871.83,200561.17,0,5
 World,United Arab Emirates,2019,Import,4256,91.55,190315993.5,1.03,7.32,3.81,207117,63.35,32,0.82,3.83,3000,0,59272572.95,181951281.2,246405.37,9.36,5.76,1281864,69.49,23.85,3.41,37.81,3000,0,81582196.89,182197686.5,0,11
 World,Argentina,2019,Import,3616,77.78,66397240.56,0.36,4.66,9.54,116262,44.11,41.53,1.51,12.85,3000,0,9209185.34,64094483.61,2624341.85,9.69,13.92,1072644,69.27,23.49,5.46,61.34,3000,0,19459598.06,66718825.47,0,58
 World,Armenia,2019,Import,1898,40.83,2742332.6,0.01,1.94,5.63,30083,8.56,70.26,2.52,18.66,3000,0,38707.94,1296483.97,1207720.71,11.4,13.53,538641,70.28,20.81,16.57,142.91,3000,0,674887.11,2504204.68,0,1
 World,American Samoa,2019,Import,792,17.04,25794.88,0,5.28,1.92,4087,62.78,26.57,3.11,7.54,160.45,0,224.42,21693.66,6370.07,9.46,5.26,190044,69,22.29,54.54,350.48,3000,0,1998.84,28063.73,0,
 World,Antarctica,2019,Import,169,3.64,8944.99,0,4.69,2.74,1054,76.38,23.34,0.19,0.09,25,0,36.3,1280.72,1256.79,6.99,6.07,49807,71.33,24.89,52.37,126.38,3000,0,430,2537.51,0,
 World,Fr. So. Ant. Tr,2019,Import,141,3.03,10968.08,0,1.65,0.08,1719,3.96,82.61,0.81,12.62,20,0,19.07,347.02,19854.73,11.38,12.46,65522,65.33,22.1,71.84,407.04,3000,0,1479.11,20201.75,0,
 World,Antigua and Barbuda,2019,Import,733,15.77,272386.43,0,1.61,0.3,6498,9.94,84.87,0.4,4.79,66.43,0,183.3,265748.74,121435.25,11.14,5.1,348627,66.77,22.77,59.86,501.42,3000,0,102540.33,387183.99,0,5
 World,Australia,2019,Import,4341,93.37,291676256.8,1.58,6.38,5.11,253811,54.21,38.12,1.05,6.62,3000,0,8294976,254596754.6,5398216.83,9.38,7.76,1274656,69.44,23.87,2.8,30.82,3000,0,57046740.07,259994971.4,0,17
 World,Austria,2019,Import,4517,97.16,168356695.8,0.91,6.91,12.14,153177,45.95,51.16,0.27,2.62,3000,0,5615434.43,44889796.2,737695.58,9.36,14.93,1187150,69.5,23.77,4.46,47.66,3000,0,16507571.1,45627491.78,0,42
 World,Azerbaijan,2019,Import,1675,36.03,16628954.36,0.09,4.18,0.5,20495,46.72,35.95,1.99,15.35,3000,0,74675.1,27640715.99,524794.57,11.04,2.38,456543,67.35,22.84,24.98,193.52,3000,0,26647751.89,28165510.56,0,1
 World,Br. Antr. Terr,2019,Import,3,0.06,5.38,0,0,0,1,0,100,0,0,0,0,0,0,4.41,2.33,2.33,539,37.11,62.89,0,0,25,0,0,4.41,0,
 World,Burundi,2019,Import,471,10.13,230135.54,0,2.15,2.26,2062,37.88,61.83,0.1,0.19,50,0,0.01,99988.59,136708.03,11.52,9.08,157278,68.14,23.25,59.07,597.67,3000,0,120908.22,236696.62,0,9
 World,Belgium,2019,Import,4563,98.15,335570358.6,1.82,7.37,9.54,215743,52.31,45.3,0.21,2.18,3000,0,12235616.12,77225646.99,1399887.25,9.33,12.59,1277438,69.41,23.97,3.32,35.89,3000,0,26337913.64,78625534.24,0,42
 World,Benin,2019,Import,1055,22.69,1471467.72,0.01,2.69,0.81,7654,35.33,64.32,0.13,0.22,274.5,0,201.72,686130.33,417142.55,11.18,6.75,356117,67.99,23.61,39.93,350.51,3000,0,364901.9,1103272.89,0,13
 World,Bonaire,2019,Import,125,2.69,43645.59,0,3.58,1.21,1487,66.04,27.17,3.09,3.7,25,0,322.5,73635.19,2304.31,10.41,5.03,58219,67.69,27.82,61.47,114.46,3000,0,57216.42,75939.5,0,
 World,Burkina Faso,2019,Import,999,21.49,3038213.57,0.02,1.54,1.91,7901,30.87,68.84,0.06,0.23,274.5,0,1755.69,2806234.78,557552.63,10.44,5.68,346982,69.2,22.47,32.88,333.22,3000,0,2850925.9,3363787.41,0,13
 World,Bangladesh,2019,Import,2481,53.37,47380973.5,0.26,3.05,6.97,76092,36.33,60.46,0.12,3.09,3000,0,214971.22,72635206.72,428209.9,10.18,14.4,748225,71.51,21,6.67,67.01,3000,0,2394199.75,73063416.61,0,21
 World,Bulgaria,2019,Import,4403,94.71,31822396.44,0.17,4.84,11.63,76388,40.17,55.95,0.26,3.63,3000,0,440908.65,7934923.42,1011999.7,9.51,11.21,979651,70.17,23.05,8.32,78.68,3000,0,1693039.7,8946923.12,0,43
 World,Bahrain,2019,Import,2285,49.15,14125293.41,0.08,4.19,3.36,36008,59.45,37.9,0.57,2.08,3000,0,95778.67,9685154.35,1249424.56,9.59,6.02,671495,70.19,23.43,13.34,105.62,3000,0,1370693.27,10934578.91,0,11
 World,"Bahamas, The",2019,Import,844,18.15,1486957.99,0.01,2.91,0.79,10152,8.33,88.41,0.45,2.81,770.68,0,13645.21,572757.55,1286915.07,10.45,5.5,315677,68.07,24.93,33.38,184.35,3000,0,80568.87,1859672.62,0,4
 World,Bosnia and Herzegovina,2019,Import,2804,60.31,6437890.81,0.03,1.44,2.71,77329,12.29,82.61,0.44,4.66,3000,0,209320.41,8228719.99,2072826.66,9.94,9.65,849385,69.41,23.1,7.8,74.5,3000,0,1938119.06,10301546.65,0,9
 World,Saint Barth?lemy,2019,Import,379,8.15,10441.26,0,6.38,5.75,3496,68.42,15.79,2.46,13.33,121.54,0,114.61,10162.81,9112.59,10.99,12.21,137083,71.64,20.21,53.09,266.53,3000,0,4385.37,19275.4,0,
 World,Belarus,2019,Import,3946,84.88,23869638.58,0.13,2.32,4.62,87350,51.2,43.97,0.92,3.91,3000,0,1058278.22,22411337.29,5837371.51,9.26,11.43,1147006,70.07,23.17,7.73,81.04,3000,0,6975191.87,28248708.8,0,2
 World,Belize,2019,Import,920,19.79,287459.62,0,3.4,1.47,7035,13.72,85.2,0.07,1.01,316.55,0,7.79,228328.08,195995.73,10.85,17.88,282330,69.54,22.21,37.68,293.53,3000,0,199412.95,424323.81,0,7
 World,Bermuda,2019,Import,520,11.19,573583.48,0,5.64,0.15,3042,20.32,76.76,0.26,2.66,55.71,0,3780.44,40104.86,1017787.76,9.03,4.39,168733,68.26,24.64,99.01,294.51,3000,0,938725.61,1057892.62,0,
 World,Bolivia,2019,Import,1403,30.18,8601978.17,0.05,3.33,2.15,18209,16.51,68.08,1.96,13.45,3000,0,49527.57,3780766.1,4522172.65,11.38,9.35,458779,68.43,22.06,25.74,213.86,3000,0,5403851.95,8302938.74,0,53
 World,Brazil,2019,Import,4252,91.46,247172944,1.34,4.92,6.94,243706,53.59,38.61,0.97,6.84,3000,0,43035299.58,251455110.1,7652877.07,9.22,9.97,1229417,69.25,23.92,2.82,31.63,3000,0,103619335.9,259107987.1,0,59
 World,Barbados,2019,Import,1191,25.62,313885.32,0,1.65,2.92,8569,9.93,87.8,0.14,2.12,770.68,0,67646.03,156831.2,204288.53,10.84,22.29,413733,68.93,23.23,43.14,335.4,3000,0,157582.85,361119.74,0,5
 World,Brunei,2019,Import,1096,23.57,6781289.12,0.04,2.85,0.14,8032,44.61,51.02,0.86,3.51,131,0,814.61,2528867,2875703.4,9.14,2.64,309862,70.39,24.11,31,180.81,3000,0,2330425.8,5404570.4,0,24
 World,Bhutan,2019,Import,448,9.64,266326.52,0,8.55,6.71,2542,29.54,68.76,0.31,1.38,3000,0,315.67,153100.55,119054.7,12.37,7.99,170484,64.3,21.53,87.73,863.14,3000,0,23806.1,272155.24,0,12
 World,Bunkers,2019,Import,545,11.72,7794862.58,0.04,4.51,7.33,1651,56.39,18.29,5.21,20.11,78.58,0,35.46,19638.25,2915.66,12.01,12.79,64002,63.27,24.31,87.58,393.82,3000,0,13651.7,22553.91,0,
 World,Bouvet Island,2019,Import,51,1.1,1406.49,0,8.55,9.98,249,69.08,12.45,1.61,16.87,67.41,0,3.53,208.68,28.11,10.48,11.71,16014,70.85,18.37,42.97,650.6,777.66,0,24.12,236.79,0,
 World,Botswana,2019,Import,2109,45.36,4862794.54,0.03,0.75,0.98,9373,6.93,92.07,0.11,0.89,292,0,2.43,5471009.41,190773.38,10.71,8.18,651363,68.49,22.27,51.76,590.78,3000,0,99174.91,5661782.79,0,12
 World,Central African Republic,2019,Import,379,8.15,85392.9,0,4.87,0.75,3090,36.34,56.67,0.52,6.47,60,0,38.26,87496.25,20492.71,9.23,11.01,144729,68.22,22.71,50.19,374.69,3000,0,7554.53,107988.96,0,5
 World,Canada,2019,Import,4421,95.1,461030112.4,2.5,3.98,4.49,317778,29.61,68.4,0.16,1.83,3000,0,58284640.49,430144694.1,17158536.83,9.26,7.38,1289752,69.3,24.17,2.21,24.31,3000,0,222242078.2,447303230.9,0,16
 World,Cocos (Keeling) Islands,2019,Import,317,6.82,4617.08,0,4.74,1.67,2438,62.47,34,0.82,2.71,150,0,95.86,1617.02,3942.35,10.43,6.91,119319,70.92,25,37.86,162.02,3000,0,1895.96,5559.37,0,1
 World,Switzerland,2019,Import,4381,94.24,308683733.7,1.67,3.82,3.81,380073,23.83,72.04,0.27,3.87,3000,0,142077619.2,392450083.4,7590815.7,9.13,7.69,1257532,69.39,24.14,1.82,19.56,3000,0,227548814.5,400040899.1,0,35
 World,Chile,2019,Import,3390,72.92,76074221.75,0.41,3.23,5.86,95417,12.44,76.43,0.99,10.14,3000,0,5534525.58,71183941.83,4578002.25,9.94,11.29,1011319,69.77,23.03,6.54,69.76,3000,0,9913698.09,75761944.08,0,65
 World,China,2019,Import,4615,99.27,2561034337,13.88,7.19,5.44,720418,63.74,32.11,0.53,3.63,3000,0,121956144.7,2792560421,3618029.68,9.27,6.83,1338075,69.42,24.11,1.01,11.02,3000,0,466796176.4,2796178451,0,23
 World,Cote d'Ivoire,2019,Import,2023,43.51,11832517.25,0.06,3.01,3.25,27197,14.48,82.15,0.24,3.14,3000,0,53141.66,15561725.47,1597840.08,10.16,8.23,715071,70.14,22.79,20.09,165.92,3000,0,2897934.57,17159565.55,0,11
 World,Cameroon,2019,Import,1817,39.08,5651025.79,0.03,4.48,1.68,21622,18.07,79.83,0.11,1.99,3000,0,1956.85,7667334.28,289994.35,10.21,5.66,512458,71.54,22.16,17.8,131.49,3000,0,3877992.09,7957328.63,0,4
 World,"Congo, Rep.",2019,Import,920,19.79,10813506.51,0.06,6.74,0.78,9859,28.76,67.67,0.8,2.77,76.46,0,116.93,11954567.91,147177.24,9.78,2.67,408403,68.51,25.08,28.52,237.22,3000,0,8102443.41,12101745.16,0,3
 World,Cook Islands,2019,Import,268,5.76,31609.2,0,9.02,8.41,1688,30.27,68.01,0.06,1.66,3000,0,1.7,15178.87,17946.37,10.59,10.2,106915,70.76,25.2,34.3,221.45,3000,0,776.95,33125.25,0,2
 World,Colombia,2019,Import,3425,73.67,42027974.8,0.23,1.8,3.83,91539,15.42,80.02,0.41,4.16,1016.73,0,1579447.44,29415557.99,13630490.31,9.27,7.46,1022077,70.37,23.01,6.72,67.3,3000,0,19373588.25,43046048.3,0,55
 World,Comoros,2019,Import,284,6.11,64405.57,0,3.17,2.22,2016,40.72,59.08,0,0.2,40,0,0,68559.92,25695.93,9.83,8.61,116707,71.11,23.78,48.46,247.42,3000,0,41842.46,94255.85,0,7
 World,Cape Verde,2019,Import,603,12.97,107454.36,0,1.18,1.9,5672,6.22,90.85,0.72,2.2,80,0,984.15,76583.67,125127.6,9.02,14.59,212399,70.89,25.64,24.84,104.88,3000,0,14219.18,201711.27,0,13
 World,Costa Rica,2019,Import,2882,61.99,14757077.42,0.08,1.98,4.86,50510,17.47,75.37,0.49,6.67,1016.73,0,2174601.11,15834451.28,794010.45,10.13,11.91,778597,69.42,23.24,11.33,101.73,3000,0,7609765.69,16628461.73,0,21
 World,Cuba,2019,Import,648,13.94,1686438.26,0.01,6.56,23.39,8571,49.97,28.51,4.04,17.48,1016.73,0,576399.88,1469644.95,120065.46,12.38,23.68,243255,63.73,24.59,45.46,286.16,3000,0,1027574.71,1589710.42,0,45
 World,Cura?ao,2019,Import,1204,25.9,393969.03,0,9.67,3.48,10695,74.6,19.78,1.39,4.23,150,0,2403.09,418291.07,48339.2,11.19,6.76,455365,69.22,23.04,41.18,288.23,3000,0,239771.5,466630.27,0,
 World,Christmas Island,2019,Import,249,5.36,17684.2,0,4.99,0.79,2113,62.8,32.32,2.93,1.94,57.11,0,32.85,1962.58,9737.29,8.14,3.38,99285,71.37,24.85,52.01,125.51,3000,0,3805.42,11699.86,0,1
 World,Cayman Islands,2019,Import,685,14.73,1494682.31,0.01,4.76,0.02,4150,16.29,71.45,0.67,11.59,180,0,156.05,40979.14,2845601.53,12.74,8.24,171662,66.77,26.25,51.01,237.69,3000,0,21813.93,2886580.67,0,
 World,Cyprus,2019,Import,3437,73.93,3411970.93,0.02,8.25,10.7,15976,47.17,48.59,0.54,3.7,3000,0,34783.78,1103631.63,108151.7,10.92,8.17,518901,69.21,22.26,32.31,244.64,3000,0,329060.75,1211783.33,0,42
 World,Czech Republic,2019,Import,4497,96.73,172905523.8,0.94,7.24,5.94,132102,45.03,52.51,0.27,2.2,3000,0,3922040.06,28869862.04,781828.46,8.99,8.29,1108869,69.7,23.88,5.02,48.91,3000,0,8356998.08,29651690.5,0,42
 World,Germany,2019,Import,4600,98.95,1365367117,7.4,7.06,7.1,362180,49.8,47.77,0.22,2.21,3000,0,130962966.1,484097710.7,428552.81,9.19,8.04,1326645,69.31,24.14,2.01,21.97,3000,0,185050402.6,484526263.5,0,42
 World,Djibouti,2019,Import,460,9.89,167257.46,0,11.08,17.19,4019,52.15,41.88,0.57,5.4,3000,0,228.86,37504.2,18191.6,11.15,8.44,188136,66.95,25.51,65.26,287.98,3000,0,8955.06,55695.8,0,4
 World,Dominica,2019,Import,639,13.74,48999.62,0,2.02,1.38,5640,15.48,84.13,0.18,0.21,385.59,0,728.09,14106.2,19687.15,12.98,12.95,254114,66.74,21.93,52.78,457.59,3000,0,7833.11,33793.35,0,5
 World,Denmark,2019,Import,4451,95.74,99153665.98,0.54,5.93,8.27,133894,45.76,51.53,0.26,2.45,3000,0,3798601.05,33928533.67,486964.45,9.49,8.59,1192734,69.72,23.61,5.11,54.26,3000,0,16381990.17,34415498.12,0,42
 World,Dominican Republic,2019,Import,2327,50.05,10529941.06,0.06,3.25,3.84,41670,21.83,74.58,0.14,3.44,3000,0,1152509.86,10548793.52,332711.03,10.74,13.65,691490,69.77,22.52,12.84,115.22,3000,0,5524073.71,10881504.55,0,9
 World,Algeria,2019,Import,1637,35.21,36571150.68,0.2,3.77,0.35,19138,16.96,69.39,2.28,11.38,3000,0,24395000.36,40111062.85,11411731.1,10.24,2.67,492307,68.92,22.66,24.21,192.23,3000,0,35104875.39,51522793.95,0,3
 World,East Asia & Pacific,2019,Import,4627,99.53,5918081407,32.08,6.09,4.47,3795739,51.98,43.42,0.64,3.96,3000,0,803013872.7,6034633255,1578074.55,9.31,6.97,1345051,69.35,24.14,0.19,2.11,3000,0,1365247519,6036211330,0,436
 World,Europe & Central Asia,2019,Import,4635,99.7,6858626123,37.18,5.71,5.77,5973894,39.94,56.13,0.41,3.52,3000,0,1173473024,3397458732,223233.25,9.36,8.85,1346379,69.33,24.17,0.12,1.34,3000,0,1432032345,3397681965,0,1354
 World,Ecuador,2019,Import,2346,50.46,24499974.39,0.13,3.27,3.6,47272,17.32,75.98,0.54,6.16,3000,0,9903370.46,24359372.07,663983,10.39,10.4,752804,70.54,22.01,10.76,107.89,3000,0,11083157.33,25023355.07,0,53
 World,"Egypt, Arab Rep.",2019,Import,3493,75.13,31338280.92,0.17,2.8,2.85,116071,17.98,77.19,0.25,4.57,3000,0,9429901.87,33904731.93,3343911.02,9.64,7.75,1026748,70.38,22.74,4.75,56.09,3000,0,14553818.2,37248642.95,0,10
 World,Eritrea,2019,Import,266,5.72,500047.32,0,3.08,0.02,1456,36.33,63.19,0.07,0.41,274.5,0,0.13,4768.54,458298.32,12.2,4.73,100422,70.68,24.14,68.34,288.8,3000,0,354804,463066.87,0,11
 World,Western Sahara,2019,Import,104,2.24,3262.67,0,4.58,0.95,635,77.8,16.54,5.67,0,20,0,1.41,734.33,2403.93,9,4.05,34036,73.35,22.68,91.02,121.89,1016.73,0,2402.62,3138.26,0,
 World,Spain,2019,Import,4579,98.49,302725093.4,1.64,6.6,14.99,270554,50.67,46.71,0.21,2.41,3000,0,13616986.33,83973004.96,531002.41,9.31,11.91,1297217,69.63,23.79,2.64,28.9,3000,0,27196381.53,84504007.36,0,42
 World,Estonia,2019,Import,4182,89.95,14692486.64,0.08,4.99,4.4,39586,40.96,56,0.2,2.84,3000,0,74489.83,3329869.56,228772.67,9.3,7.63,770527,71.03,23.58,12.85,92.22,3000,0,343500.85,3558642.23,0,42
 World,Ethiopia(excludes Eritrea),2019,Import,1664,35.79,2836874.52,0.02,7.95,4.92,19489,38.02,57.6,0.28,4.1,3000,0,409198.5,2856696.38,209535.24,10.85,12.1,504466,70.04,21.92,17.46,190.6,3000,0,701748.94,3066231.62,0,10
 World,Finland,2019,Import,4323,92.99,77303136.8,0.42,5.49,4.08,91106,46.5,51.39,0.21,1.9,3000,0,2285400.5,26788964.97,747554.5,9.28,5.59,994705,69.31,24.14,7.03,64.49,3000,0,6722867.73,27536519.47,0,42
 World,Fiji,2019,Import,1404,30.2,660757.81,0,4.49,16.07,10229,16.8,80.66,0.27,2.27,3000,0,6018.62,574555.86,169794.17,10.96,33.98,614815,70.85,21.73,50.29,395.6,3000,0,385592.64,744350.03,0,4
 World,Falkland Island,2019,Import,176,3.79,314713.73,0,1.63,2.12,1874,12.97,86.87,0,0.16,40,0,0,45972.43,48048.97,11.67,10.34,75672,68.77,24.2,31.48,252.4,3000,0,1328.32,94021.4,0,1
 World,France,2019,Import,4590,98.73,580412416.5,3.15,7.28,21.04,320004,52.69,44.77,0.23,2.31,3000,0,52786531.4,222872282.9,1551020.42,9.41,13.65,1323837,69.43,23.99,2.27,24.94,3000,0,98280401.36,224423303.3,0,42
 World,Free Zones,2019,Import,1568,33.73,1272675.95,0.01,7.63,7.68,3321,81.81,17.68,0.27,0.24,225.8,0,1987.3,1389326.89,103994.4,9.08,11.6,358931,69.94,23.65,105.75,587.05,3000,0,436741.43,1493321.29,0,
 World,Faeroe Islands,2019,Import,736,15.83,1567844.24,0.01,2.53,2.89,9729,17.91,68.81,1.78,11.5,204.19,0,1631.7,1883695.95,276492.94,10.76,8.78,274797,68.27,23.9,26.04,195.25,3000,0,84850.2,2160188.89,0,6
 World,"Micronesia, Fed. Sts.",2019,Import,106,2.28,137799.72,0,29.02,4.47,594,46.8,52.36,0,0.84,3000,0,0,43989.37,1097.35,11.74,10.48,53874,65.11,26.24,157.24,627.61,3000,0,413.55,45086.72,0,2
 World,Gabon,2019,Import,1045,22.48,7309578.36,0.04,6.89,0.78,8620,65.46,29.57,1.3,3.67,3000,0,54.52,2429910.52,3225378.81,8.71,3.28,315038,68.06,25.49,28.05,207.61,3000,0,4587212.87,5655289.33,0,3
 World,United Kingdom,2019,Import,4589,98.71,421171231.9,2.28,7.08,7.43,297116,49.84,47.87,0.24,2.06,3000,0,51466427.15,189921008.6,618065.53,9.3,8.07,1315374,69.4,24.07,2.44,26.44,3000,0,85489078.91,190539074.1,0,43
 World,Georgia,2019,Import,2175,46.78,2422133,0.01,2.05,2.14,48482,10.49,82.28,0.49,6.73,3000,0,258367.28,1790310.62,1242822.42,10.34,33.84,692541,69,22.65,10.98,108.29,3000,0,720138.31,3033133.04,0,9
 World,Ghana,2019,Import,2330,50.12,15464853.23,0.08,2.64,1.46,33190,14.69,82.47,0.14,2.7,3000,0,44006.68,11578942.25,6022868.08,10.22,6,747709,69.24,22.77,17.74,162.21,3000,0,11095025.12,17601810.33,0,12
 World,Gibraltar,2019,Import,653,14.05,170833.71,0,5.45,5.28,7338,66.45,25.92,2.1,5.53,93.81,0,644.22,378063.38,14964.64,10.92,8.34,274235,68.7,23.32,47.56,250.75,3000,0,135824.2,393028.02,0,1
 World,Guinea,2019,Import,1051,22.61,6549800.91,0.04,2.19,0.21,7420,29.29,70.44,0.05,0.22,294.12,0,76.88,3689238.8,3452360.56,10.07,4.7,350045,70.44,23.82,39.37,231.47,3000,0,3226775.69,7141599.37,0,13
 World,"Gambia, The",2019,Import,485,10.43,166991.51,0,4.02,0.33,4023,30.82,66.24,0.3,2.63,274.5,0,0.84,12213.99,104233.96,11.02,10.15,202961,69.83,23.64,44.57,284.89,3000,0,2003.26,116447.96,0,13
 World,Guinea-Bissau,2019,Import,197,4.24,250006.33,0,4.2,0.06,912,32.46,67.54,0,0,50,0,0,9430.78,305275.19,9.06,8.46,69061,67.15,24.92,18.2,582.46,3000,0,139226.21,314705.97,0,13
 World,Equatorial Guinea,2019,Import,332,7.14,5069577.1,0.03,4.81,0.44,3202,57.81,42,0.12,0.06,218,0,4127874.24,6198887.06,23711.33,7.79,2.92,172574,69.11,27.43,15.21,171.67,3000,0,4682384.14,6222598.39,0,7
 World,Greece,2019,Import,4357,93.72,29422002.8,0.16,5.11,10.42,73463,39.96,55.3,0.31,4.43,3000,0,508786.63,11224476.62,414704.75,10,13.56,1011053,70.1,22.71,8.97,89.98,3000,0,2319998.86,11639181.37,0,42
 World,Grenada,2019,Import,547,11.77,38597.37,0,4.3,0.47,3721,8.41,91.4,0,0.19,265,0,0,10880.54,35521.04,11.75,26.56,215635,70.06,22.95,63.32,341.76,3000,0,5262.67,46401.58,0,5
 World,Greenland,2019,Import,390,8.39,1274771.82,0.01,0.76,1.43,4430,7.43,91.81,0.14,0.63,40,0,0.63,1833056.03,82754.48,10,11.93,146219,69.83,26.92,32.55,74.88,3000,0,20853.49,1915810.51,0,1
 World,Guatemala,2019,Import,2939,63.22,10899769.36,0.06,2.95,7.85,39131,18.95,76,0.52,4.53,3000,0,801782.96,9539956.11,1090672.96,10.12,20.19,900070,70.78,22.51,15.24,138.99,3000,0,2326403.68,10630629.07,0,15
 World,Guam,2019,Import,452,9.72,32782.71,0,15.58,13.83,3458,65.27,28.02,1.88,4.83,3000,0,157.39,18350.27,9888.9,10.85,12.6,376164,69.09,22.05,131.15,832.82,3000,0,8756.93,28239.17,0,
 World,Guyana,2019,Import,753,16.2,1326752.58,0.01,2.64,0.57,6621,6.81,88.08,0.36,4.74,3000,0,51913.7,597096.18,847796.1,12.83,11.62,272472,65.45,23.19,61.27,406.19,3000,0,825567.24,1444892.28,0,8
 World,"Hong Kong, China",2019,Import,4303,92.56,87085797.28,0.47,6.27,4.36,276324,67.8,29.03,0.59,2.57,3000,0,5093379.85,92940500.45,235968.78,8.91,6.41,1228986,70.22,23.7,2.39,24.68,3000,0,32119113.2,93176469.23,0,11
 World,Heard Island and McDonald Isla,2019,Import,29,0.62,374.79,0,5.39,2.96,144,58.33,34.72,0,6.94,55.18,0,0,177.19,197.9,10.12,7.57,12988,67.05,28.21,52.08,375.69,388,0,35.27,375.09,0,
 World,Honduras,2019,Import,2374,51.06,9762676.89,0.05,2.44,8.01,25597,14.87,80.26,0.47,4.4,3000,0,183495.08,9101131.59,744976.17,10.31,14.55,623984,70.88,22.02,16.14,157.04,3000,0,981683.02,9846107.76,0,14
 World,Croatia,2019,Import,4145,89.16,14255554.21,0.08,4.27,12.09,45688,31.98,63.24,0.25,4.54,3000,0,220022.95,3119022.41,552287.69,9.97,14.5,954490,69.45,23.13,13.31,141.59,3000,0,1209780.7,3671310.1,0,43
 World,Haiti,2019,Import,1191,25.62,1345340.66,0.01,3.84,4.59,9274,16.55,80.99,0.03,2.43,274.5,0,3.78,1220146.04,129903.85,12.3,13.6,304203,69.33,20.54,34.45,297.77,3000,0,35138.77,1350049.89,0,6
 World,Hungary,2019,Import,4412,94.9,116897502.4,0.63,6.82,6.31,101378,42.95,53.83,0.23,2.99,3000,0,4827459.91,22543900.53,505095.51,9.54,8.57,1002794,69.62,23.3,6.13,63.93,3000,0,8685102.46,23048996.05,0,42
 World,Indonesia,2019,Import,4132,88.88,197813761.5,1.07,5.02,5.92,230652,58.22,37.31,0.69,3.78,3000,0,7977649.6,166220781.9,21529476.41,9.23,8.75,1197803,70.27,23.62,2.88,28.85,3000,0,28892741.81,187750258.3,0,22
 World,India,2019,Import,4513,97.07,288783717.6,1.57,7.18,6.77,486118,67.37,28.04,0.57,4.02,3000,0,36508356.69,319234090.7,1061013.63,9.19,8.89,1309014,69.51,24.11,1.47,15.7,3000,0,60411153.49,320295104.4,0,33
 World,British Indian Ocean Ter.,2019,Import,237,5.1,83566.97,0,6.62,0.12,1014,19.72,79.29,0.2,0.79,300.1,0,11.17,1454.86,80963.77,10.28,2.43,81923,73.33,23.62,65.29,180.97,3000,0,75960.08,82418.63,0,1
 World,Ireland,2019,Import,4278,92.02,208046504.6,1.13,6.81,7.02,75214,46.03,51.43,0.28,2.25,3000,0,9942200.54,82221964.83,308415.05,9.74,8.2,965146,69.81,22.79,8.31,86.58,3000,0,55865329.02,82530379.88,0,42
 World,"Iran, Islamic Rep.",2019,Import,3165,68.08,30765312.11,0.17,6.96,1.81,68147,63.79,23.2,1.4,11.61,3000,0,172366.48,36826824.05,1274605.83,9.72,3.46,929835,69.25,23.19,8.75,94.36,3000,0,24343174.04,38101429.88,0,4
 World,Iraq,2019,Import,1166,25.08,91162922.95,0.49,9.35,0.03,13248,66.58,24.58,2.23,6.61,274.5,0,91784652.27,96029438.68,2622797.24,10.11,1.92,390234,69.26,22.56,24.19,216.61,3000,0,94347544.29,98652235.92,0,3
 World,Iceland,2019,Import,2119,45.58,5048810.96,0.03,2.34,1.86,50810,16.04,78.98,0.86,4.11,3000,0,33504.17,4722451.79,2872983.21,9.99,8.58,688383,70.57,22.79,9.59,80.4,3000,0,409643.24,7595435,0,33
 World,Israel,2019,Import,3795,81.63,59034322.72,0.32,3.23,1.99,194745,17.2,77.68,0.55,4.56,3000,0,2782286.36,58979199.04,2170119.67,9.37,6.35,1071009,70.21,23.49,3.41,31.28,3000,0,17148381.33,61149318.71,0,12
 World,Italy,2019,Import,4604,99.03,518537627.6,2.81,6.68,17.39,328782,49.51,47.72,0.2,2.56,3000,0,25323971.07,211785480.8,404691.62,9.3,12.69,1308709,69.49,23.92,2.18,24.07,3000,0,60789987.39,212190172.4,0,42
 World,Jamaica,2019,Import,1294,27.83,1355812,0.01,3.36,8.37,16030,12.25,83.44,0.28,4.02,3000,0,105088.75,1371866.74,270610.72,12.86,24.92,499761,68.25,21.33,33.73,291.33,3000,0,343863.57,1642477.47,0,6
 World,Jordan,2019,Import,2464,53,7613275.9,0.04,2.52,4.83,46321,12.66,83.92,0.36,3.05,3000,0,46272.42,5750409.44,640415.5,10.52,11.77,718801,69.09,22.19,12.4,123.04,3000,0,989905.43,6390824.94,0,14
 World,Japan,2019,Import,4507,96.95,790031280.1,4.28,5.62,5.21,420262,62.53,33.21,0.69,3.57,3000,0,156400645.4,735242107.9,493099.61,9.17,6.82,1303771,69.85,23.98,1.68,17.47,3000,0,247073819.8,735735207.5,0,18
 World,Kazakhstan,2019,Import,3070,66.04,48408270.3,0.26,1.75,0.7,37259,42.8,51.69,0.93,4.59,274.5,0,42637411.74,58380565.98,6121806.84,9.56,3.02,898111,68.93,23.71,14.2,163.18,3000,0,45607504.87,64502372.83,0,2
 World,Kenya,2019,Import,2981,64.12,5060883.88,0.03,2.63,8.92,40453,19.48,78.15,0.19,2.18,3000,0,1624026.66,5762503.83,805286.44,9.69,14.87,953975,69.49,22.83,14.42,166.73,3000,0,2143366.59,6567790.27,0,7
 World,Kyrgyz Republic,2019,Import,1988,42.76,1803199.78,0.01,0.92,0.37,14739,9.7,83.89,1.19,5.21,350,0,2902.92,289593.7,2283137.63,10.38,6.73,615558,70.48,21.74,27.92,297.13,3000,0,1694045.32,2572731.33,0,1
 World,Cambodia,2019,Import,1980,42.59,26501378.68,0.14,2.24,5.57,53305,33.61,63.12,0.02,3.24,316.55,0,18951.9,28418606.28,3371754.58,10.63,13.75,544291,72.63,21.5,6.8,53.15,3000,0,1011620.45,31790360.85,0,22
 World,Kiribati,2019,Import,263,5.66,91841.04,0,4.04,2.63,568,47.54,52.11,0,0.35,45,0,0,20936.22,8864.88,7.89,10.3,74956,71.96,25.29,76.06,286.27,3000,0,377.81,29801.1,0,3
 World,St. Kitts and Nevis,2019,Import,367,7.89,78436.9,0,1.84,1.08,3234,10.54,88.81,0,0.65,70,0,0,41717.1,32228.86,13.25,17.98,181870,68.7,23.39,53.68,391.43,3000,0,5666.39,73945.96,0,5
 World,"Korea, Rep.",2019,Import,4416,94.99,590456028.8,3.2,3.68,3.08,368077,29.41,68.66,0.16,1.77,3000,0,57151579.47,618220668.2,2249158.2,9.15,5.6,1271236,69.98,23.79,1.9,19.61,3000,0,146278505.5,620469826.4,0,28
 World,Kuwait,2019,Import,1994,42.89,64306886.41,0.35,4.71,0.59,26103,58.47,37.7,1.33,2.5,274.5,0,38413636.1,54581529.5,157395.73,9.89,2.22,607732,69.77,22.72,17.89,156.9,3000,0,41850703.38,54738925.23,0,10
 World,Lao PDR,2019,Import,1304,28.05,5986992.63,0.03,2.83,4.83,17043,27.24,68.26,0.21,4.28,3000,0,27084.74,1822512.38,1561446.64,11.1,9.56,344259,70.04,21.45,11.64,160.1,3000,0,370779.42,3383959.02,0,29
 World,Lebanon,2019,Import,2869,61.71,4179465.75,0.02,5.62,2.56,63161,17.86,72.4,1.14,8.6,3000,0,151447.29,2231925.35,1450862.02,10.76,11.23,849191,69.45,22.3,9.63,101.27,3000,0,1644205.05,3682787.38,0,7
 World,Liberia,2019,Import,642,13.81,1919028.69,0.01,4.23,0.44,3708,40.37,59.28,0,0.35,60,0,0,928383.66,1112907.08,10.76,4.25,251676,66.42,24.1,88,555.34,3000,0,367773.57,2041290.74,0,13
 World,Libya,2019,Import,561,12.07,29199605.15,0.16,6.71,0.05,3908,61.69,35.62,1.07,1.61,3000,0,39743237.77,41487418.68,3352410.62,8.45,1.98,179852,64.94,25.35,58.24,388.97,3000,0,43102919.21,44839829.3,0,4
 World,St. Lucia,2019,Import,821,17.66,126732.74,0,0.54,0.07,3347,4.33,92.35,0.33,2.99,274.5,0,1343.91,6420.7,77855.28,13,29.23,243223,66.69,22.95,105.92,646.28,3000,0,59190.69,84275.98,0,5
 World,Latin America & Caribbean,2019,Import,4568,98.26,1125250338,6.1,3.57,5.01,1402575,27.95,64.72,0.82,6.51,3000,0,280236690.3,1137756648,13434040.96,9.42,12.43,1321837,69.42,24.03,0.52,5.65,3000,0,458132231.8,1151190689,0,848
 World,Sri Lanka,2019,Import,2902,62.42,11842114.42,0.06,3.97,6.72,89745,27.9,62.99,1.32,7.79,3000,0,445060.14,14788888.65,323488.63,10.05,12.8,963419,70.31,22.13,6.99,74.21,3000,0,1430366.53,15112377.29,0,20
 World,Lesotho,2019,Import,1371,29.49,1144315.2,0.01,0.43,1.48,5166,8.44,90.67,0,0.89,53.5,0,0,514535.17,991839.48,10.66,10.35,429169,70.49,22.74,63.12,499.79,3000,0,35178.86,1506374.65,0,16
 World,Lithuania,2019,Import,4281,92.08,24974831.83,0.14,6.08,37.09,62331,45.25,49.98,0.33,4.45,3000,0,693195.3,6887471.95,233056.08,9.52,24.64,968197,70.32,23.21,9.75,90.82,3000,0,1910982.16,7120528.03,0,42
 World,Luxembourg,2019,Import,4159,89.46,15636780.34,0.08,6.67,4.36,31154,47.45,50.87,0.31,1.36,3000,0,42454.76,2794965.84,135957.23,9.5,6.06,767274,69,23.3,16.51,173.18,3000,0,454942.1,2930923.08,0,42
 World,Latvia,2019,Import,4232,91.03,13510277.27,0.07,5.59,7.73,39493,44.53,50.64,0.29,4.54,3000,0,239172.94,2509238.85,540663.64,9.88,9.15,814583,70.77,22.47,14.55,124.9,3000,0,671686.35,3049902.49,0,42
 World,Macao,2019,Import,1683,36.2,1631810.79,0.01,3.87,10.26,20879,57.8,34.35,0.73,7.13,3000,0,13336.08,1316671.52,364322.66,11.14,15.47,529330,70.72,20.94,23.53,188.03,3000,0,371962.36,1680994.18,0,2
 World,Morocco,2019,Import,3230,69.48,30853191.95,0.17,4.21,4.31,114859,23.11,72.91,0.14,3.84,3000,0,5741178.87,47412601.61,1372083.7,9.61,10.59,979947,70.5,22.81,5.37,51.67,3000,0,10352594.89,48784685.31,0,9
 World,Moldova,2019,Import,1964,42.25,3239315.65,0.02,1.11,3.42,49736,8.38,82.82,0.67,8.13,3000,0,430153.76,4408604.92,944749.32,11.21,16.79,626284,69.37,22.15,10.6,96.2,3000,0,844921.65,5353354.23,0,5
 World,Madagascar,2019,Import,1616,34.76,3554083.61,0.02,1.74,2.39,28556,16.32,80.07,0.12,3.5,400,0,28020.89,4161024.38,398940.97,10.8,10.04,533224,71.49,21.21,16.47,119.9,3000,0,324702.4,4559965.36,0,8
 World,Maldives,2019,Import,621,13.36,262974.95,0,7.35,8.34,6959,48.96,37.12,2.92,11.01,3000,0,440.99,291110.04,168585.59,11.18,10.05,290352,69.28,22.03,46.14,316.57,3000,0,4992.46,459695.63,0,12
 World,Middle East & North Africa,2019,Import,4554,97.96,971817188.1,5.27,4.92,1.86,1206984,37.39,56.68,0.81,5.12,3000,0,494074744.1,990097594,426961.46,9.27,4.36,1321722,69.43,24,0.6,6.6,3000,0,563872994.7,990524555.5,0,193
 World,Mexico,2019,Import,4240,91.2,491319715.2,2.66,2.97,8.51,245338,24.61,71.75,0.75,2.89,3000,0,111835453,461171658.2,33881921.06,9.16,14.75,1220248,69.72,23.77,2.79,29.61,3000,0,223618771.2,495053579.3,0,51
 World,Marshall Islands,2019,Import,432,9.29,1181114.74,0.01,9.51,0.98,2501,58.02,25.79,1.36,14.83,3000,0,4.62,1583698.79,20859.14,14.72,4.27,171398,68.34,21.09,113.95,609.96,3000,0,15367.14,1604557.92,0,1
 World,North Macedonia,2019,Import,2418,52.01,7750076.63,0.04,1.25,1.67,68720,8.57,82.8,0.8,7.83,3000,0,256006.18,11172871.95,2614395.01,10.4,8.68,737883,69.72,22.21,8.25,78.4,3000,0,1839898.06,13787266.96,0,10
 World,Mali,2019,Import,1253,26.95,4895611.58,0.03,2.68,0.3,11563,37.49,62.34,0.05,0.12,274.5,0,261.62,267822.47,2697139.08,10.09,5.97,395876,70.44,23.44,24.09,185.54,3000,0,2704003.38,2964961.55,0,13
 World,Malta,2019,Import,3421,73.59,4341330.17,0.02,6.19,2.85,17135,45.69,53.2,0.18,0.94,3000,0,33546.01,1759399.47,39431.66,9.46,5.11,473806,69.98,22.67,20.57,182.78,3000,0,725409.29,1798831.13,0,42
 World,Myanmar,2019,Import,1941,41.75,19403931.1,0.11,2.73,4.5,40526,29.45,67.14,0.02,3.38,3000,0,5582.68,14447472.78,2922413.91,10.61,12.09,543857,71.2,21.49,10.37,87.65,3000,0,2174209.83,17369886.68,0,22
 World,Mongolia,2019,Import,1078,23.19,7197944.26,0.04,6.65,2.01,9805,21.72,70.76,1.47,6.05,3000,0,2661.6,3598108.29,3666293.76,10.79,3.7,307654,70.92,23.44,23,154.13,3000,0,1253790.75,7264402.05,0,2
 World,Northern Mariana Islands,2019,Import,148,3.18,4671.22,0,3.71,2.94,908,63.44,33.7,0,2.86,49.44,0,0,548.48,680.08,7.83,6.14,50304,70.14,27.6,9.47,115.97,608.93,0,365.37,1228.57,0,
 World,Montenegro,2019,Import,1385,29.79,417807.85,0,1.01,0.77,20178,5.93,80.12,1.35,12.59,3000,0,11095,154603.91,384484.97,10.23,10.27,408333,68.48,22.9,22.52,151.9,3000,0,178308.25,539088.88,0,8
 World,Mozambique,2019,Import,1607,34.57,6140636.52,0.03,1.82,1.33,10851,8.23,89.56,0.18,2.04,350,0,90.55,3924764.41,3584070.33,10.33,6.88,443590,68.92,23.79,27.9,269.9,3000,0,1082874.08,7508834.74,0,6
 World,Mauritania,2019,Import,777,16.71,3169814.99,0.02,6.26,0.98,6810,41.92,57.03,0.06,0.98,51.29,0,1.5,828889.37,2282428.95,9.83,5.19,258695,70.17,22.22,35.89,253.1,3000,0,662594.12,3111318.33,0,4
 World,Montserrat,2019,Import,251,5.4,7138.63,0,2.3,0.32,1661,14.03,85.91,0,0.06,265,0,0,1353.99,8611.12,8.78,6.23,96776,70.73,24.78,62.49,198.62,3000,0,1581.3,9965.11,0,4
 World,Mauritius,2019,Import,2824,60.74,2525666.21,0.01,2.28,4.86,38572,16.82,80.11,0.11,2.97,3000,0,9057.45,2819901.94,333709.22,9.94,16.87,832769,71.19,22.47,15.11,121.81,3000,0,668182.05,3153611.16,0,10
 World,Malawi,2019,Import,968,20.82,994250.9,0.01,1.28,6.41,6103,25.02,73.06,0.26,1.65,1459.31,0,14737.47,1318861.6,86655.37,10.94,26.64,301387,67.86,26.03,41.36,260.3,3000,0,1104358.66,1405516.97,0,6
 World,Malaysia,2019,Import,4284,92.15,330974061.1,1.79,3.94,2.88,243765,51.45,44.88,0.7,2.97,3000,0,8299040.39,314691566.4,5134812.32,8.97,4.89,1242745,69.84,23.96,2.64,28.95,3000,0,129120926.8,319826378.7,0,27
 World,North America,2019,Import,4634,99.68,2020730341,10.95,6.55,4.79,986680,52.66,42.87,0.5,3.97,3000,0,278433774.1,1940441803,3571892.1,9.4,6.85,1344637,69.33,24.16,0.74,8.13,3000,0,820024268.1,1944013695,0,29
 World,Namibia,2019,Import,2305,49.58,4731013.04,0.03,3.34,1.34,25223,18.59,79.11,0.15,2.14,3000,0,155540.79,3996451.97,1732911.42,9.89,22.59,820250,68.79,23.33,23.41,232.83,3000,0,1192899.64,5729363.39,0,12
 World,New Caledonia,2019,Import,813,17.49,1800767.33,0.01,5.99,1.08,7504,11.5,85.05,0.21,3.24,3000,0,31.09,1533671.92,239602.85,10.14,3.23,280619,68.32,25.33,40.64,197.01,3000,0,4881.08,1773274.78,0,
 World,Niger,2019,Import,998,21.47,917700.44,0.01,2.78,1.09,8682,40.32,59.35,0.14,0.18,3000,0,20.54,353907.13,334605.96,10.03,5.67,344496,68.26,22.79,41.83,313.28,3000,0,323538.59,688513.09,0,13
 World,Norfolk Island,2019,Import,103,2.22,2829.08,0,18.43,3.18,455,62.86,36.48,0,0.66,3000,0,0,1700.2,1199.05,8.18,5.01,49561,62.72,24.17,221.1,1206.81,3000,0,149.64,2899.25,0,1
 World,Nigeria,2019,Import,2761,59.39,56305099.22,0.31,5.59,0.37,38037,32.5,57.8,1.92,7.78,3000,0,78797.71,76806234.32,948263.07,10.07,2.41,840679,69.84,22.84,16.39,145.37,3000,0,63565919.66,77754497.4,0,11
 World,Nicaragua,2019,Import,1910,41.08,6168604.98,0.03,1.96,5.27,18371,14.47,80.54,0.48,4.51,385.59,0,306754.53,5188135.71,873073.65,11.02,18.6,531934,69.45,21.95,22.68,226.4,3000,0,1161370.47,6061209.35,0,10
 World,Niue,2019,Import,210,4.52,63797.48,0,4.34,0.1,1474,24.9,71.85,0.81,2.44,123.85,0,2.04,777.8,60207.84,8.14,3.66,71774,72.83,22.9,27.82,180.05,3000,0,880.46,60985.64,0,2
 World,Netherlands,2019,Import,4574,98.39,488529863.4,2.65,7.12,16.01,234971,50.1,47.17,0.25,2.48,3000,0,17757562.64,93514499.52,651331.63,9.43,17.24,1294583,69.47,23.9,3.05,33.47,3000,0,28840669.65,94165831.15,0,42
 World,Norway,2019,Import,3970,85.39,104393748.7,0.57,2.82,1.29,191416,18.53,75.41,0.94,5.12,3000,0,58664637.21,141181694.8,23750346.26,9.36,4.4,1170642,69.66,23.9,3.49,35.88,3000,0,85753661.02,164932041.1,0,32
 World,Nepal,2019,Import,1553,33.41,971555.84,0.01,2.12,1.35,25355,31.17,67.55,0.1,1.18,274.5,0,583.98,547270.71,458880,10.55,12.08,470657,70.32,21.09,15.79,143.81,3000,0,141811.97,1006150.71,0,14
 World,Nauru,2019,Import,459,9.87,35091.75,0,10.95,1.94,3672,40.09,55.17,0.87,3.87,3000,0,45,10753.25,12395.15,9.39,6.16,166787,73.15,23.18,20.42,146.6,3000,0,5092.67,23148.4,0,1
 World,New Zealand,2019,Import,3830,82.38,41347373.67,0.22,6.98,28.3,134539,50.38,38.36,1.36,9.9,3000,0,6847631.45,35558178.97,1443384.5,9.69,29.33,1155796,69.47,23.47,5.04,55.59,3000,0,10117262.94,37001563.47,0,20
 World,"Other Asia, nes",2019,Import,4365,93.89,469118063,2.54,6.26,2.66,342498,68.11,27.91,0.54,3.44,3000,0,97756425.03,451938567.9,782030.75,8.99,3.79,1257569,70.03,23.87,1.98,20.42,3000,0,147936046.7,452720598.6,0,6
 World,Oman,2019,Import,2303,49.54,41474839.74,0.22,5.6,1.21,29693,59.68,37.83,0.81,1.68,3000,0,78926.08,12467495.35,22415930.54,9.78,2.93,709889,68.63,23.37,17.49,173.78,3000,0,23378247.59,34883425.89,0,12
 World,Pakistan,2019,Import,3371,72.51,24403277.24,0.13,4.68,9.24,117498,34.64,57.52,0.81,7.02,3000,0,2399677.63,31954227.31,1112979.31,9.59,17.88,983072,70.45,22.52,4.76,54.01,3000,0,5869898.72,33067206.62,0,17
 World,Panama,2019,Import,3067,65.97,5429854.01,0.03,4.76,3.21,44540,27.85,68.72,0.35,3.08,3000,0,61225.53,3369442.63,1425490.24,9.94,9.49,830317,70.77,23.03,13.36,102.2,3000,0,1161369.82,4794932.86,0,39
 World,Pitcairn,2019,Import,171,3.68,2161.04,0,8.79,8.37,1105,12.22,87.24,0,0.54,294.12,0,0,988.72,1594.89,11.01,10.44,68720,70.73,17.92,157.19,549.14,3000,0,482.27,2583.62,0,1
 World,Peru,2019,Import,3390,72.92,49418736.3,0.27,1.88,2.24,84383,14.25,79.55,0.48,5.72,3000,0,2723903.79,40924977.62,10102891.42,9.58,8.43,1000521,70.71,22.96,6.86,68.17,3000,0,13615300.87,51027869.04,0,45
 World,Philippines,2019,Import,3413,73.41,94088770.49,0.51,3.88,1.9,144384,22.15,72.38,1.07,4.4,3000,0,1748026.41,84200738.72,6441940.56,10,5.09,1017067,70.09,22.94,4.47,44.6,3000,0,28628399.19,90642679.28,0,26
 World,Palau,2019,Import,128,2.75,22960.52,0,18.9,2.92,715,58.18,38.04,0.14,3.64,3000,0,39.17,13022.4,6516.22,10.88,7.97,36373,64.65,30.61,56.22,185.31,3000,0,4400.68,19538.62,0,1
 World,Papua New Guinea,2019,Import,802,17.25,11826208.3,0.06,5.93,2.12,6202,12.35,86.94,0.03,0.68,3000,0,967.74,6190594.56,5434715.72,9.58,6.05,273664,67.14,26.55,43.52,234.63,3000,0,3104359.61,11625310.28,0,5
 World,Poland,2019,Import,4530,97.44,236354868,1.28,6.38,7.49,164663,46.05,50.39,0.26,3.3,3000,0,6054500.92,42688986.59,725003.88,9.29,9.97,1204280,69.6,23.63,4.19,45.3,3000,0,12199274.76,43413990.47,0,42
 World,"Korea, Dem. Rep.",2019,Import,1211,26.05,321318.36,0,8.49,8.05,10591,72.98,25.03,0.5,1.49,3000,0,4490.65,241032.69,49552.21,9.02,7.96,416824,71.16,24.64,27.31,138.01,3000,0,53604.44,290584.9,0,4
 World,Portugal,2019,Import,4451,95.74,63240234.27,0.34,7.95,21.46,125719,49.84,46.57,0.18,3.41,3000,0,1451922.41,17804448.97,356943.15,9.64,15.67,1216507,69.79,23.29,5.62,61.28,3000,0,4198160.12,18161392.12,0,42
 World,Paraguay,2019,Import,1390,29.9,6379734.47,0.03,2.63,12.44,16720,11.15,70.06,2.37,16.41,3000,0,159567.06,4158581.66,2545954.46,11.26,16.63,472412,69.19,21.35,23.16,244.17,3000,0,2544695.14,6704536.12,0,59
 World,Occ.Pal.Terr,2019,Import,387,8.32,143926.68,0,5.73,2.66,3309,10.85,82.5,0.48,6.17,3000,0,2537.95,80043.89,18270.73,14.8,12.38,137393,62.87,19.2,92.2,652.1,3000,0,31703.01,98314.62,0,6
 World,French Polynesia,2019,Import,571,12.28,183748.63,0,3.52,2.79,6461,11.34,87.59,0.25,0.82,2926.01,0,4637.89,157110.27,26629.51,10,10.69,235224,66.98,24.21,38.97,281.74,3000,0,21083.34,183739.78,0,
 World,Qatar,2019,Import,2104,45.26,73054597.51,0.4,4.03,1.31,40124,60.97,36.43,0.58,2.02,400,0,43735.13,49145124.86,13213777.89,9.48,2.99,831032,69.99,23.13,13.73,128.87,3000,0,13603185.3,62358902.76,0,10
 World,Romania,2019,Import,4349,93.55,76988443.47,0.42,5.37,5.87,86550,42.49,54.17,0.22,3.11,3000,0,1494658.83,16483026.94,803779.81,9.38,9.47,943903,70.22,23.34,6.99,63.27,3000,0,3471370.22,17286806.75,0,43
 World,Russian Federation,2019,Import,4470,96.15,402861050.7,2.18,3.77,1.77,242798,56.93,36.97,1.01,5.1,3000,0,184169512,477914138.4,5023671.17,9.11,4.18,1299298,69.52,23.94,2.93,32.06,3000,0,247693838.7,482937809.6,0,3
 World,Rwanda,2019,Import,1001,21.53,781294.76,0,9.26,4.66,8958,50.65,48.93,0.1,0.32,249,0,1330.35,637907.39,719906.43,10.87,9.92,713404,69.28,22.52,66.49,586.45,3000,0,868352.1,1357813.82,0,9
 World,South Asia,2019,Import,4542,97.7,376206869.7,2.04,6.14,6.4,819930,53.55,41.12,0.64,4.68,3000,0,41953509.7,443217027.4,1519552.51,9.22,10.72,1321076,69.48,24.11,0.88,9.45,3000,0,70713032.25,444736579.9,0,137
 World,Saudi Arabia,2019,Import,3365,72.38,245628269.7,1.33,6.89,1.09,80037,56.47,37.45,1.18,4.91,3000,0,146959610.3,221070157.6,2261349.43,9.39,2.88,1009632,69.23,23.68,7.78,81.73,3000,0,153460953,223331507,0,12
 World,Senegal,2019,Import,2024,43.54,2988675.79,0.02,3.45,2.33,26421,32.36,66.53,0.13,0.97,274.5,0,18326.14,3058025.23,1234896.01,9.92,9.67,722690,69.78,22.99,20.16,177.61,3000,0,1334055.65,4292921.25,0,13
 World,"Serbia, FR(Serbia/Montenegro)",2019,Import,3613,77.72,19004819.8,0.1,2.3,8.49,160586,14.58,81.37,0.39,3.66,3000,0,1816805.31,28763038.37,3074626.19,9.48,14.7,1097261,69.37,23.51,4.21,44.48,3000,0,8241030.73,31837664.56,0,10
 World,Singapore,2019,Import,4276,91.98,251719005.8,1.36,4.87,2.93,234402,48.3,48.57,0.69,2.44,3000,0,17154775.35,218540393.3,7729443.11,9.32,4.97,1249851,69.63,23.75,2.97,32.31,3000,0,67951929.61,226269836.5,0,46
 World,South Georgia and the South Sa,2019,Import,64,1.38,428.87,0,4.22,1.06,280,28.57,70.71,0.71,0,35,0,0.11,77.4,629.49,10.35,15.09,27792,55.99,23.04,252.86,1828.21,3000,0,494.86,706.89,0,
 World,Saint Helena,2019,Import,290,6.24,23996.02,0,2.32,0.64,2247,16.15,83.4,0.04,0.4,45,0,0.13,10897.81,13241.55,8.02,10.51,108284,69.63,27.72,36.18,91.68,3000,0,2448.28,24139.36,0,1
 World,Solomon Islands,2019,Import,298,6.41,700873.42,0,8.87,1.21,2202,35.33,63.85,0.05,0.77,3000,0,1.36,745516.82,175741.67,12.73,13.02,124787,68.69,24.16,48.46,356.81,3000,0,6650.37,921258.49,0,4
 World,Sierra Leone,2019,Import,1279,27.51,745579.24,0,2.6,0.77,17585,45.83,53.68,0.05,0.44,245.5,0,1433.8,742736.91,296233.45,9.29,5.57,426943,71.27,23.28,17.21,115.14,3000,0,19924.45,1038970.37,0,13
 World,El Salvador,2019,Import,2804,60.31,5583889.32,0.03,2.65,7.9,26943,19.99,74.75,0.59,4.66,3000,0,82201.6,3756427.7,197141.24,10.25,14.75,648988,70.58,21.87,19.89,162.09,3000,0,783507.44,3953568.94,0,12
 World,San Marino,2019,Import,1002,21.55,148785.37,0,2.15,2.03,16731,19.09,79.17,0.03,1.71,3000,0,8856.26,174947.41,47299.58,9.32,7.1,329948,72.18,21.36,15.37,111.97,3000,0,43483.86,222246.99,0,3
 World,Somalia,2019,Import,430,9.25,426258.87,0,3.95,1.23,3043,32.47,56.52,1.38,9.63,70,0,54103.39,127458.47,287236.72,9.33,10.94,152956,65.68,23.54,39.07,502.43,3000,0,245380.81,414695.18,0,3
 World,Special Categories,2019,Import,2297,49.41,5287408.86,0.03,14.98,0.16,4712,51.1,42.49,1.97,4.44,3000,0,125.61,1636682.81,73625309.53,9.85,3.6,710418,68.79,23.08,115.53,1109.97,3000,0,69651270.11,75261992.34,0,
 World,Saint Pierre and Miquelon,2019,Import,109,2.34,7934.31,0,1.53,1.27,939,6.39,93.61,0,0,25,0,0,5314.12,3056.57,18.73,10.64,50092,64.44,26.18,56.12,444.52,3000,0,5921.28,8370.69,0,
 World,South Sudan,2019,Import,234,5.03,1710628.81,0.01,7.09,0.02,1316,53.5,44.6,0.68,1.22,100,0,773.44,14714.49,1745977.63,9.7,1.97,108682,64.13,24.92,87.16,817.1,3000,0,1710073.96,1760692.11,0,
 World,Sub-Saharan Africa,2019,Import,4568,98.26,361861443.6,1.96,3.31,2.21,812336,27.65,68.78,0.44,3.13,3000,0,159829320.4,430106559.6,1829317.91,9.29,6.91,1329595,69.36,24.08,0.9,9.83,3000,0,223181589.6,431935877.5,0,431
 World,Sao Tome and Principe,2019,Import,390,8.39,24383.21,0,4.18,0.63,3460,52.89,46.65,0.06,0.4,50,0,0.57,13291.36,19292.15,7.44,5.67,154185,67.83,24.73,61.79,269.34,3000,0,4113.5,32583.51,0,3
 World,Sudan,2019,Import,835,17.96,4000776.74,0.02,7.45,1.82,6061,61.49,27.82,1.93,8.76,2926.01,0,862986.33,2082241.85,1146194.21,10.52,5.96,259648,66.7,24.27,31.78,355.16,3000,0,2069814.42,3228436.06,0,
 World,Suriname,2019,Import,1094,23.53,2778980.5,0.02,2.84,0.35,11671,9.82,87.46,0.12,2.6,274.5,0,2.43,332663.11,1855993.88,11.11,8.25,343584,69.68,22.2,27.89,211.18,3000,0,1783909.43,2188656.99,0,5
 World,Slovak Republic,2019,Import,4385,94.32,88308921.75,0.48,5.37,9.25,72148,42.7,54.59,0.3,2.42,3000,0,10924149.57,18315149.62,314124.91,8.79,13.17,874126,70.4,24.16,7.49,58.5,3000,0,11706513.3,18629274.53,0,42
 World,Slovenia,2019,Import,4390,94.43,34728109.86,0.19,5.2,8.12,75846,39.18,58.28,0.19,2.36,3000,0,411971.24,6338008.28,206722.81,9.09,8.84,993446,69.71,23.83,8.57,76.01,3000,0,2371481.52,6544731.09,0,42
 World,Sweden,2019,Import,4483,96.43,153034854,0.83,6.42,5.33,142980,46.1,51.77,0.25,1.88,3000,0,9735942.14,52311329.21,1064425.77,9.09,7.45,1175242,69.6,24.11,4.67,47.03,3000,0,19358568.13,53375754.98,0,42
 World,Eswatini,2019,Import,2129,45.79,3382320.76,0.02,4.07,21.12,18155,26.07,73.14,0.04,0.75,3000,0,41239.91,1535487.11,190038.74,9.87,19.36,669483,69.99,22.29,28.98,255.83,3000,0,1217042.88,1725525.85,0,14
 World,Saint Maarten (Dutch part),2019,Import,1111,23.9,143384.18,0,11.55,7.67,6691,74.01,15.44,2.48,8.07,3000,0,902.05,25586.76,2416.5,11.58,15.24,387992,68.86,21.2,61.29,515.54,3000,0,15959.19,28003.25,0,
 World,Seychelles,2019,Import,813,17.49,676699.57,0,3.32,1.67,7924,16.95,81.99,0.09,0.97,50,0,1656.2,796297.16,33862.26,9.56,15.89,279164,70.19,24.37,37.92,153.69,3000,0,23394.17,830159.43,0,8
 World,Syrian Arab Republic,2019,Import,1536,33.04,647615.98,0,2.63,10.59,22985,26.68,53.43,3.67,16.22,3000,0,144601.02,447281.34,78146.23,11.46,14.22,490649,71.09,19.35,19.98,184.04,3000,0,188461.67,525427.57,0,3
 World,Turks and Caicos Isl.,2019,Import,475,10.22,17842.15,0,4.51,0.89,3096,16.7,75.74,0.45,7.11,294.12,0,99.57,2073.28,12282.02,9.61,11.26,148622,69.84,22.13,69.48,315.99,3000,0,2104.48,14355.3,0,1
 World,Chad,2019,Import,373,8.02,1312916.5,0.01,5.3,0.15,2370,42.28,57.34,0.08,0.3,40,0,1.07,73344.93,892014.35,9.7,2.54,128832,68.47,26.91,37.64,213.63,3000,0,888150.47,965359.29,0,5
 World,Togo,2019,Import,1681,36.16,1931375.91,0.01,1.16,1.2,11018,21.97,75.97,0.17,1.89,274.5,0,10126.87,2163964.84,1181019.85,11.35,10.94,542316,69.41,21.81,46.18,386.04,3000,0,1096578.61,3344984.7,0,13
 World,Thailand,2019,Import,4365,93.89,271892969,1.47,5.38,6.45,322803,55.91,37.91,0.72,5.46,3000,0,34096271.65,257392934.9,6549373.7,9.34,8.65,1271557,69.61,23.75,2.17,23.98,3000,0,88386757.57,263942308.6,0,26
 World,Tajikistan,2019,Import,703,15.12,965071.77,0.01,8.6,3.73,6855,43.18,47.82,1.21,7.79,195.19,0,42,493829.7,342140.33,10.3,6.69,294386,69.6,20.95,37.37,368.72,3000,0,242976.37,835970.03,0,1
 World,Tokelau,2019,Import,756,16.26,20886.03,0,7.23,6.47,7182,76.16,20.82,1.04,1.98,69.81,0,51.03,17509.31,8178.87,10.16,10.41,248791,73.55,19.73,26.96,205.95,3000,0,3338.19,25688.17,0,
 World,Turkmenistan,2019,Import,771,16.58,11178909.06,0.06,4.28,0.39,5343,50.42,41.94,0.8,6.83,180,0,185.34,1783904.8,8147014.85,9.73,3.52,236225,70.4,21.08,46.43,330.19,3000,0,8765415.55,9930919.65,0,1
 World,East Timor,2019,Import,308,6.63,122219.15,0,13.79,0.3,1793,28.33,71.44,0,0.22,3000,0,0,22265.59,80042.7,11.37,4.95,114258,67.78,26.33,47.3,328.11,3000,0,63652.13,102308.29,0,3
 World,Tonga,2019,Import,290,6.24,16291.36,0,4.09,1.38,1792,23.83,70.15,0.11,5.92,296.66,0,161.43,4311.73,8311.33,9.57,9.75,120572,69.57,24.35,41.63,367.58,3000,0,2853,12623.06,0,2
 World,Trinidad and Tobago,2019,Import,2355,50.66,10719926.61,0.06,0.72,0.99,16743,7.07,90.72,0.12,2.1,3000,0,61012.22,7974511.61,2337652.49,10.6,4.59,666115,70.38,22.43,33.56,252.66,3000,0,3311046.06,10312164.1,0,7
 World,Tunisia,2019,Import,2916,62.72,15470303.99,0.08,3.58,3.88,99780,22.84,69.5,1,6.66,3000,0,825525.79,25701302.33,2194379.92,9.47,8.78,883031,70.86,22.59,5.86,52.15,3000,0,4918177.38,27895682.25,0,11
 World,Turkey,2019,Import,4408,94.82,165401622.3,0.9,4.89,6.17,432940,31.91,62.14,0.69,5.26,3000,0,42603940.18,236009601,3452235.52,9.17,10.5,1268259,69.57,23.79,1.6,17.87,3000,0,61363489.9,239461836.5,0,16
 World,Tuvalu,2019,Import,166,3.57,18993.62,0,2.11,0.08,1155,52.81,47.01,0,0.17,30,0,0,334.49,12322.6,8.32,5.95,62289,70.4,23.97,92.81,210.91,3000,0,230.01,12657.09,0,4
 World,Tanzania,2019,Import,2643,56.85,4545382.69,0.02,3.2,4.01,21495,33.65,64.93,0.17,1.26,2276.97,0,79671.83,2758219.86,1618396.68,10.68,10.66,673671,69.64,22.36,25.33,225.56,3000,0,2017246.81,4376616.53,0,10
 World,Uganda,2019,Import,2104,45.26,3165922.77,0.02,2.81,6.7,16838,32.9,66.02,0.17,0.92,3000,0,12046.55,1346702.74,1268188.92,10.65,9.44,560005,69.44,22.17,26.01,253,3000,0,1240147.58,2614891.66,0,9
 World,Ukraine,2019,Import,3783,81.37,54247798.54,0.29,2.3,6.34,166750,15.78,80.32,0.55,3.36,3000,0,1652462.78,60229718.46,6278721.93,9.45,9.63,1094252,69.45,23.57,3.83,42,3000,0,6984839.65,66508440.39,0,10
 World,United States Minor Outlying I,2019,Import,489,10.52,31373.12,0,7.12,2.43,4091,65.12,31.14,2.32,1.42,274.5,0,71.44,31382.72,4061.5,10.34,6.37,225725,69.4,23.88,57.57,313.2,3000,0,4680.87,35444.22,0,
 World,Unspecified,2019,Import,4544,97.74,327029694.8,1.77,8.03,4.7,154308,71.04,20.19,1.03,7.74,3000,0,1586090,81829466.14,3641892.7,9.39,6.9,1297044,69.47,23.87,4.69,51.29,3000,0,32254917.62,85471358.84,0,
 World,Uruguay,2019,Import,2289,49.24,9822109.59,0.05,4.97,13.91,40023,39.91,37.64,1.39,21.06,3000,0,261198.84,9418275.51,758405.15,10.23,18.74,702974,68.95,22.6,13.35,135.01,3000,0,1648935.35,10176680.66,0,56
 World,United States,2019,Import,4634,99.68,1559126645,8.45,7.24,5.27,665860,63.8,30.53,0.67,5,3000,0,206504342.5,1493139878,2512693.67,9.4,6.69,1344164,69.34,24.15,1.1,12.05,3000,0,596843464.4,1495652571,0,13
 World,Uzbekistan,2019,Import,1786,38.42,11884397.98,0.06,2.04,1.09,23531,26.06,66.71,1.19,6.03,2926.01,0,121430.92,4614661.3,9316393.36,10.75,6.36,557197,69.97,21.55,20.36,180.47,3000,0,9692448.59,13931054.66,0,1
 World,Holy See,2019,Import,269,5.79,6673.24,0,6.39,0.78,1680,67.92,29.82,0,2.26,45,0,0,1404.43,6149.66,8.05,5.87,102141,69.14,24.96,7.38,351.67,1016.73,0,4269.84,7554.09,0,
 World,St. Vincent and the Grenadines,2019,Import,613,13.19,170930.73,0,3.79,0.2,3219,10.44,89.25,0.03,0.28,45,0,21.94,4931.18,103018.23,11.22,14.98,216453,68.59,22.95,44.61,524.17,3000,0,11465.97,107949.41,0,5
 World,Venezuela,2019,Import,1645,35.38,16617539.76,0.09,4.58,0.44,19309,54.93,37.08,2.54,5.46,298.01,0,17757322.47,21503753.32,1068682.5,9.85,2.73,565258,71.03,21.98,25.38,179.3,3000,0,20267234.3,22572435.82,0,49
 World,British Virgin Islands,2019,Import,900,19.36,377465.61,0,8.37,0.61,5692,34.84,64.13,0,1.04,3000,0,0,100937.47,434201.21,9.92,7.34,286194,71.36,23.38,45.48,219.11,3000,0,115617.36,535138.68,0,2
 World,Vietnam,2019,Import,4098,88.15,325103071.2,1.76,4.08,5.4,231160,38.51,55.75,0.66,5.08,3000,0,3936464.43,315236432.2,5476459.68,9.3,8.39,1171964,70.16,23.41,2.85,29.75,3000,0,51620568.99,320712891.8,0,28
 World,Vanuatu,2019,Import,375,8.07,169521.71,0,4.69,4.56,2023,36.63,61.79,0.1,1.48,303.19,0,43.25,142342.63,19391.47,9.53,6.66,132963,68.79,23.63,52.84,445.53,3000,0,16254.55,161734.09,0,5
 World, World,2019,Import,4649,100,18449266347,100,5.68,4.46,15583486,43.48,51.82,0.57,4.13,3000,0,4219284580,15016595406,435.07,9.41,7.6,1347916,69.33,24.17,0.05,0.52,3000,0,5340244888,15274571116,0,1598
 World,Wallis and Futura Isl.,2019,Import,101,2.17,2038.54,0,1.71,0.14,629,6.84,93.16,0,0,20,0,0,52.92,2735.58,6.75,8.67,35903,69.13,29.77,7.15,55.64,400,0,517.13,2788.5,0,1
 World,Samoa,2019,Import,421,9.06,37683.15,0,3.4,19.38,2769,22.07,76.09,0,1.84,3000,0,0,18680.8,13276.93,11.71,39.25,177304,72.23,22.7,73.82,250.74,3000,0,10946.86,31957.73,0,5
 World,Yemen,2019,Import,690,14.84,1567272.13,0.01,2.09,0.47,4385,26.41,72.57,0.48,0.55,294.12,0,54.63,145757.95,1285586.11,10.72,3.91,260493,70.58,21.18,36.28,453.27,3000,0,1198594.07,1431344.06,0,2
 World,South Africa,2019,Import,4497,96.73,115985649,0.63,3.93,4.83,226792,29.26,64.73,0.81,5.21,3000,0,19505268.81,135915432.4,3033874.04,9.28,9.69,1315479,69.36,24.04,3.2,35.04,3000,0,54236602.21,138949306.5,0,14
 World,"Congo, Dem. Rep.",2019,Import,1310,28.18,8338329.26,0.05,4.61,1.98,9597,41.72,57.8,0.07,0.41,3000,0,116.74,8082160.87,961533,10.2,3.62,420892,68.55,23.25,45.15,314.51,3000,0,581117.97,9043693.87,0,5
 World,Zambia,2019,Import,2278,49,8121807.47,0.04,3.95,1.51,13031,36.69,63,0.07,0.24,274.5,0,4170.53,9301926.45,266753.8,10.16,5.14,669718,67.47,23.81,38.36,409.66,3000,0,883943.29,9568680.25,0,6
 World,Zimbabwe,2019,Import,1533,32.97,3119119.77,0.02,1.32,5.24,13665,8.9,87.46,0.21,3.42,1459.31,0,11181.72,2043921.84,1250900.61,10.73,18.28,443834,68.86,22.73,29.89,243.4,3000,0,2089711.68,3294822.45,0,5
